user,waktu,review,panjang_review,clean_text,label,prediksi_model
Nurma Wulan,4 minggu lalu,"Masyaallah puas bangettt, aku berangkat dari pare jam 05.30 sampe sana masih adem sejuk bgt. Kami ada yg jalan kaki ada yang naik ojek, jalan kaki sekitar 30 menit, naik ojek 40rb pp. Nanasnya enakk manis bgt dan murah, kalo duriannya kurang suka",246,masyaallah puas bangettt berangkat pare jam sampe sana adem sejuk bgt jalan naik ojek jalan menit naik ojek rb pp nanas enakk manis bgt murah kalo durian kurang suka,positif,negatif
Sella Anjelika Putri,sebulan lalu,"Gunung Kelud punya jalur yang lumayan ekstrem dan menantang. Untuk sampai ke puncaknya wajib pakai guide, jadi lebih aman dan terarah karena pakai alat climbing. …",163,punya jalur lumayan ekstrem tantang puncak pakai guide lebih aman arah pakai alat climbing,negatif,negatif
Sri Tasiswa,2 bulan lalu,Tempatnya Indah terutama disepanjang jalan viewnya bagus...kita bisa jalan kaki atau naik ojek PP 40 RB...kita juga bisa minta pak ojeknya foto foto disepanjang jalan...jalan menuju kawah lewat terowongan sayang banget baunya pesing,232,tempat indah utama panjang jalan viewnya baguskita jalan naik ojek pp rbkita minta pak ojek foto foto panjang jalanjalan tuju lewat terowongan sayang banget bau pesing,negatif,negatif
Ismi Alfi,sebulan lalu,"Mendaki tanpa capek bisa ngojekkk
Sampai di pemandangan yang bagus banget murah meriah lagi next bakakalan kesini lagi",118,daki capek ngojekkk pandang bagus banget murah riah next bakakalan kesini,positif,positif
Vicky Eka,4 bulan lalu,"Buat yang lewat ngantang viewnya kayak gini geys.... Bagus banget 👌.... Perkiraan waktu perjalanan kalau dari ngantang sampai kawah sekitar 5-6 jam ya .... Cman jangan lama lama ya di kawah, bau kawahnya gak sehat buat kesehatanmu 🥺 …",234,buat lewat ngantang viewnya kayak gin geys bagus banget kira waktu jalan ngantang jam cman jangan lama lama bau kawah sehat buat sehat,negatif,negatif
Boediman Widjaja,2 bulan lalu,"Pegunungan di wilayah Kediri dengan view yang amazing, pendakian di puncak Pelangi dan Puncak Welirang bisa untuk pendaki pemula (1500 mdpl),tetap berhati-hati karena kontur medan lumayan menanjak dengan permukaan bebatuan dan berpasir. …",238,gunung wilayah diri view amazing daki puncak pelangi puncak welirang daki mula mdpltetap berhatihati kontur medan lumayan tanjak muka bebatuan pasir,positif,positif
japaa,2 bulan lalu,"Kelud selalu jd tempat wisata yang bikin rindu.  2 kalinya kesini dan Kelud ga pernah gagal soal pemandangan. Hawanya sejuk dan Damai, palagi kesini bareng orang spesial ❤❤. …",175,selalu jd rindu kali kesini pernah gagal soal pandang hawa sejuk damai palagi kesini bareng orang spesial,positif,positif
Irvan Agus Setiawan,3 bulan lalu,"Bagus banget tempatnya, bisa untuk maen keluarga. Untuk akses mudah jika via kediri terus ada juga ojek yang menunggu di parkiran jika tidak mau jalan namun bagus juga untuk latihan lari pemula gunung",200,bagus banget tempat maen keluarga akses mudah via diri terus ojek tunggu parkir mau jalan bagus latih lari mula,positif,positif
Syil4zahra,2 bulan lalu,"Benar benar pemandangan yang sangat indah menakjubkan, HTM:  10 rb per orang ditambah uang parkir 5rb , jasa Ojek kalau ingin Ngojek 70K untuk PP, Kalau mau bawah sepeda sendiri juga di ijinkan. Medannya menanjak lumayan ekstrim dan jaraknya sekitar 5km, Aku sarankan kalau bisa gojek saja karena medannya jalan makadam berbatuan.",330,benar benar pandang sangat indah takjub htm rb per orang tambah uang parkir rb jasa ojek ngojek k pp mau bawah sepeda sendiri ijinkan medan tanjak lumayan ekstrim jarak km saran gojek medan jalan makadam batu,positif,positif
Akmal Syakib,2 bulan lalu,"bener2 miniatur Rinjani, ada track pasir, tangga, panjat batu, dan lewat sungai, klo kesini bener2 persiapan fisik bgt -jalan bc ke pintu rimba",143,bener miniatur rinjani track pasir tangga panjat batu lewat sungai klo kesini bener siap fisik bgt jalan bc pintu rimba,positif,positif
Achmad Mariadi,2 bulan lalu,"Benar benar pemandangan yang sangat indah menakjubkan, walaupun untuk masuk bayar 10 rb per orang ditambah uang parkir 5rb , kemudian dari parkiran ke kawahnya bayar ojek motor 40rb untuk PP, tapi aku ikhlas karena medannya menanjak lumayan …",242,benar benar pandang sangat indah takjub walaupun masuk bayar rb per orang tambah uang parkir rb kemudian parkir kawah bayar ojek motor rb pp ikhlas medan tanjak lumayan,positif,negatif
Irma yanti,2 bulan lalu,"kalau org mendaki lwt jalur patah hati, biarkan aku mendaki lwt jalur jatuh hati (cinta)🫣🤭 …",92,org daki lwt jalur patah hati biar daki lwt jalur jatuh hati cinta,positif,positif
Nana,sebulan lalu,"aaa cantik poll, ga kabut sama sekali ga sia"" aku capek keatas sini buat pemandangan  se cantikk ini🤍 …",103,aaa cantik poll kabut sama sia capek atas sini buat pandang se cantikk ini,positif,positif
Wahyu Tri Ananda,Diedit 2 bulan lalu,"Gunung berapi yang terkenal dengan keganasan erupsinya, meski begitu gunung ini sangatlah ramah wisatawan dibandingkan dengan gunung-gunung lainnya, karena wisatawan hanya memerlukan effort kecil untuk bisa menikmati pemandangan gunung ini. …",242,rap kenal ganas erupsi meski sangat ramah wisatawan banding gununggunung lain wisatawan perlu effort kecil nikmat pandang,positif,positif
Putri Brilliantsyah,5 bulan lalu,"Rela basah""an kena hujan demi apa kalo gk demi view secakepp ini...
Dr mulai datang full kabut..gunung ketutup kabut . Akhirnya hujan lebat bgt end view stlah hujan reda masyallah...banyak air terjun kecil"" terbentuk karena …",225,rela basah kena hujan apa kalo gk view secakepp dr mulai datang full kabutgunung tutup kabut akhir hujan lebat bgt end view stlah hujan reda masyallahbanyak air terjun kecil bentuk,positif,positif
Aksanu Alfan,2 bulan lalu,Pengalaman pertama saat mendaki Gunung bersama pasangan tercinta 💕💞💓💖 …,71,alam pertama daki sama pasang cinta,positif,positif
Padi Homestay,3 bulan lalu,"Viewnya Bagus dengan hawa sejuk dan Segar, viewnya luas dengan hamparan pegunungan berjajar, kalau ke sini bisa mencoba Nanas Fresh dari kebun Manis Banget segar, apalagi di cocol dengan sambal rujak, istimewa, untuk ke Kawah Kelud …",233,viewnya bagus hawa sejuk segar viewnya luas hampar gunung jajar sini coba nanas fresh kebun manis banget segar cocol sambal rujak istimewa,positif,positif
Dicky Karamoy,4 bulan lalu,"Perjalanan dari Kediri, naik mobil, bayar karcis masuk, pakir mobil, sewa motor pp, foto2, beli Nanas.",102,jalan diri naik mobil bayar karcis masuk pakir mobil sewa motor pp foto beli nanas,positif,negatif
Mega Aditama Nastiti,6 bulan lalu,"Sunyi. View maksimal, effort minimal. HTM lupa. Untuk sampai atas harus pake ojek. Bayar 30K PP. Kalo kesini pagi aja, biar gak hujan. Pemandangannya bagus",155,sunyi view maksimal effort minimal htm lupa atas pake ojek bayar k pp kalo kesini pagi biar hujan pandang bagus,positif,positif
Sylvia Adhita,9 bulan lalu,"Track nya aman, untuk yang mau jalan kaki memang jauh ±9km PP dari parkir mobil, tapi terbayar dengan view nya yang bagus banget , tapi kalo yang gak kuat jalan, ada banyak ojek disana harga terjangkau lah , lebih baik naik ojek dr awal PP lebih murah hitungannya Krn pp maupun sekali jalan dikenai harga sama",309,track aman mau jalan memang jauh km pp parkir mobil bayar view bagus banget kalo kuat jalan banyak ojek sana harga jangkau lebih baik naik ojek dr awal pp lebih murah hitung krn pp maupun jalan kena harga sama,positif,negatif
Adi Suryawan,7 bulan lalu,"Gunung Kelud, pengunjungnya baru pertama kali dengan Tanggal Sembilan Belas Bulan Juli Tahun Dua Puluh Dua Puluh Lima. Ke Kawah Gunung Kelud menggunakan naik ojek dari Tempat Parkir Kendaraan Roda Empat atau Mobil dengan tarifnya Empat …",237,unjung baru pertama kali tanggal sembilan belas bulan juli tahun puluh puluh lima guna naik ojek parkir kendara roda empat mobil tarif empat,positif,negatif
nicky minaj,10 bulan lalu,"Tempat Wisata andalan Kediri, gunung ini lumayan bagus ya, bisa bersaing dengan Gunung Ijen di Banyuwangi.
Dari tempat parkir utama, bisa jalan kaki atau hiking ke puncaknya, treknya …",184,andal diri lumayan bagus saing ijen banyuwangi parkir utama jalan hiking puncak trek,positif,positif
Hasan Ashary,8 bulan lalu,"Udara yang sejuk dengan view alam yang bagus, sayang motor tidak bisa naik sampai ke puncak kawah harus jalan kaki atau naik ojek dengan alasan medan yang menanjak motor pengunjung tidak akan kuat tapi ojeknya pakai motor???? 😂😂 …",230,udara sejuk view alam bagus sayang motor naik puncak jalan naik ojek alas medan tanjak motor unjung kuat ojek pakai motor,positif,positif
murni nikma,11 bulan lalu,"Masuk gerbang 1 sepeda motor, 2 orang cuma 23k aja guys. Terus naik sampek mau pangkalan ojek tapi di pangkalan ojek juga ada orang jualan buat beli oleh*. Oleh* andalan disana nanas guys harga start 10k murmer bgt ga sih. Trs waktu kita …",239,masuk gerbang sepeda motor orang cuma k guys terus naik sampek mau pangkal ojek pangkal ojek orang jual buat beli andal sana nanas guys harga start k murmer bgt trs waktu,positif,negatif
fahritzz0512,2 bulan lalu,"kawahnya cantik, tapi lebih cantik seseorang yang aku bawa kesini❤",66,kawah cantik lebih cantik orang bawa kesini,positif,positif
Gilang Guinandra,6 bulan lalu,"Sangat cocok buat pemula, mengenalkan alam pegunungan kepada anak2, sebelum mencoba peGunungan yang lain ,👌🏻👍🏻 …",112,sangat cocok buat mula kenal alam gunung anak coba gunung,positif,positif
Muhammad Zulfikri Febriansyah,setahun lalu,"Bagus tempatnya, akses nya juga lumayan mudah. Kalo mau ke kawah nya baru agak sulit bisa trekking sendiri atau pake ojek. Medannya buat ke kawah lumayan sulit, di akhir juga sempat full jalanan gragal. Cuma ya lumayan bagus. Harga ojek ke puncak 40ribu buat WNI. Turis WNA harganya kayaknya 50ribu. Itu udah PP",311,bagus tempat akses lumayan mudah kalo mau baru sulit trekking sendiri pake ojek medan buat lumayan sulit akhir sempat full jalan gragal cuma lumayan bagus harga ojek puncak ribu buat wni turis wna harga kayak ribu udah pp,positif,negatif
Yustin Sofia,5 bulan lalu,"viewnya bagus bangettt, suka main kesini, apalagi mainnya sama cowoku 💗 next time mau main kesini lagii …",105,viewnya bagus bangettt suka main kesini main sama cowoku next time mau main kesini lagi,positif,positif
Aqiel Mahda,7 bulan lalu,"track cocok untuk pemula, jadi tempat favorit untuk pemanasan pendakian",71,track cocok mula favorit panas daki,positif,positif
M. Fajar Wirayudha,setahun lalu,"Terakhir kali di puncak sini saat terakhir kali sebelum meletus tahun 2013. Selama ini hanya dari batas parkiran roda 4 saja,, ketika sampai sini pemandangannya bikin pangling tidak sama seperti dulu. Karena dulu ada tangga² ke puncak naga, tangga ke air panas, dsb. Semuanya hilang ditelan erupsi 2014🥲 …",305,akhir kali puncak sini akhir kali letus tahun lama batas parkir roda sini pandang pangling sama dulu dulu tangga puncak naga tangga air panas semua hilang tel erupsi,negatif,negatif
Dap Ady,Diedit 11 bulan lalu,Salah satu wisata alam unggulan daerah kabupaten Kediri. Akses jalan ke tempat wisata sudah bagus. Mau ke kawah gunung Kelud bisa menggunakan jasa ojek atau trekking.,166,salah satu alam unggul daerah kabupaten diri akses jalan bagus mau guna jasa ojek trekking,positif,positif
Cahya arief Insana,setahun lalu,"Berkunjung tgl 2 january 2025

Pemandangannya buagus …",54,kunjung tgl january pandang buagus,positif,positif
veronica louhenapessy,setahun lalu,"Datang ke sini pagi2 biar masih sepi, naik ojek bayarnya ga terlalu mahal. Ditungguin juga sampai selesai foto2. Sepanjang jalan viewnya cantik, sayang ojeknya ngebut banget. Harusnya bisa pelan2 biar menikmati pemandangan. …",225,datang sini pagi biar sepi naik ojek bayar terlalu mahal ditungguin selesai foto panjang jalan viewnya cantik sayang ojek ngebut banget harus pelan biar nikmat pandang,positif,negatif
Kristian Wibisono,4 bulan lalu,"Untuk pemandangan nya jangan diragukan lagi..
Memeng cakep puol",63,pandang jangan ragu memeng cakep puol,positif,positif
Rofiq Husnur,setahun lalu,"Gunung adalah pelampiasan terbaik saat kita berada di titik jenuh dan memerlukan semangat baru.
Gunung Kelud gunung yang sangat cocok buat tempat nyantai keindahannya juga masi asri dan indah cocok buat kalian"" Yang suka ngedate sama pasangan",242,lampias baik ada titik jenuh perlu semangat baru sangat cocok buat nyantai indah mas asri indah cocok buat kalian suka ngedate sama pasang,positif,positif
Mochammad Ardiyansyah,10 bulan lalu,"Tempat nya keren
Mau sehat bisa jalan kaki
Mau nyaman ada kang ojek Rp 40k PP …",79,keren mau sehat jalan mau nyaman kang ojek rp k pp,positif,positif
My Cookies Food Factory,9 bulan lalu,"Pemandangan yang sungguh indah. Momen tak terlupakan. Bagus untuk pemula. Untuk yang pertama kali ke gunung kelud , ada ojek motor untuk naik kekawah gunung keludnya. Pengalaman seru yang tak terlupakan",202,pandang sungguh indah momen lupa bagus mula pertama kali ojek motor naik kawah keludnya alam seru lupa,positif,positif
JALAN JALAN,10 bulan lalu,"Pemandangan cakep banget😍.
Disarankan datang pagi dibawah pukul 09.00wib..diatas jam itu biasa udah ketutup kabut. Soalnya pas berkunjung pagi cerah bagus banget.. Pas udh turun jam 8.30 …",188,pandang cakep banget saran datang pagi bawah pukul wibdiatas jam biasa udah tutup kabut soal pas kunjung pagi cerah bagus banget pas udh turun jam,positif,positif
Angga Setiawan,setahun lalu,"Salah satu wisata alam yang cukup mempesona disetiap bagiannya. Perjalanan dari solo kesini memang butuh perjuangan dan menguras waktu. Dibutuhkan 5-6 jam, tapi dengan Lewat JLS emang indah. Sampe sini jam 1 malam, tidur di masjid dekat …",238,salah satu alam cukup pesona tiap bagi jalan solo kesini memang butuh juang uras waktu butuh jam lewat jls emang indah sampe sini jam malam tidur masjid dekat,positif,positif
Ronny Santoso,setahun lalu,Gunung Kelud merupakan salah satu destinasi wisata alam yang sangat indah menawan dan luar biasa yang berlokasi di Kediri Jawa Timur. Sangat cocok untuk spot-spot foto yang sangat bagus. …,188,rupa salah satu destinasi alam sangat indah tawan luar biasa lokasi diri jawa timur sangat cocok spotspot foto sangat bagus,positif,positif
anggayu Budi,setahun lalu,"-+3jam dari surabaya naik motor.
View yg bagus, akses jalan yg mudah. Ke gunung yg tk harus mendaki. Karna  ada ojek yg siap mengantar PP, sampai kawah hanya dg 40 rb( turis lokal) /50 rb( …",190,jam surabaya naik motor view bagus akses jalan mudah tk daki karna ojek siap antar pp dg rb turis lokal rb,positif,negatif
Cfbn Magetan,5 bulan lalu,"Bersepeda ke Gunung Kelud mengesankan, malam semakin dingin.",60,sepeda kesan malam makin dingin,positif,positif
Naufal Ridhwan Aly,setahun lalu,Naik lewat jalur wisata jadi bisa naik ojek. Harganya 20K kalo gasalah. Naik-turun sama tarifnya. Tapi gatau juga sih soalnya milih jalan tipis-tipis aja bareng temen 😁 meskipun harus agak minggir karena banyak ojek yang seliweran 🛵 …,234,naik lewat jalur naik ojek harga k kalo gasalah naikturun sama tarif gatau soal milih jalan tipistipis bareng temen meski minggir banyak ojek seliwer,positif,negatif
Satya K.,setahun lalu,"Salah satu destinasi wisata top di Kediri. Sangat recommended ketika cuaca cerah dan tidak hujan, karena perjalanan dari area parkir menuju lokasi kawah memerlukan transportasi ojek lokal. Bagus untuk foto-foto atau bisa juga untuk latihan fisik/trail run dan semacamnya",270,salah satu destinasi top diri sangat recommended cuaca cerah hujan jalan area parkir tuju lokasi perlu transportasi ojek lokal bagus fotofoto latih fisiktrail run macam,positif,positif
Ayuning Dian,11 bulan lalu,"Udah ke sekian kali ke Gunung Kelud dan ini yang paling menyenangkan karena akses jalannya udah bagus. Spot foto makin banyak dan cantik-cantik banget, Masya Allah. Semoga bisa ke sana lagi dalam keadaan sehat jasmani dan finansial. Hehehe. …",242,udah sekian kali paling senang akses jalan udah bagus spot foto makin banyak cantikcantik banget masya allah moga sana ada sehat jasmani finansial hehehe,positif,positif
ulfi rifki,setahun lalu,"Gunung kelud berada di ketinggian 1731mdpl, termasuk dalam gunung vulkanik aktif.
Untuk mencapai puncak gunung ini sangat mudah. Cukup bawa kendaraan anda via …",160,ada tinggi mdpl masuk vulkanik aktif capai puncak sangat mudah cukup bawa kendara via,positif,positif
Riska Ningrum,11 bulan lalu,"Salah satu destinasi wisata yg wajib dikunjungi bagi yg mampir ke kediri.. Pemandangan alam yg indah dan udara yg sejuk, sangat cocok untuk merefresh tubuh kita dari rutinitas sehari-hari. …",190,salah satu destinasi kunjung mampir diri pandang alam indah udara sejuk sangat cocok merefresh tubuh rutinitas seharihari,positif,positif
Nono Hary,3 bulan lalu,"Udaranya sangat sejuk...
Rekom kesini pagi sampai siang, menjelang sore kabut turun.",84,udara sangat sejuk rekom kesini pagi siang jelang sore kabut turun,positif,positif
roful watik,2 bulan lalu,"Pemgalaman ke gunung kelud apik, menyenangkan, spotnya indah banget, tapi ada yg bikin deg deg seeer pas di bonceng sama abang2...ya allloh ngeerrrri banget turun2 pengen muntaj rasa.ne...tapi untuk semua spot jos jis...kediri lagi lho iki...",242,pemgalaman apik senang spotnya indah banget deg deg seeer pas bonceng sama abangya allloh ngeerrrri banget turun ken muntaj rasanetapi semua spot jos jiskediri lho iki,positif,positif
nofita arnela,setahun lalu,"gunung memang tempat yang indah untuk menenangkan diri . Dari parkiran mobil ke parkiran motor cuma bentar aja kemudian naik ojek bayar 30rb PP, kalo naik ojek dari parkiran mobil 40rb, disarankan ngojek diparkiran motor.. .",224,memang indah tenang diri parkir mobil parkir motor cuma bentar kemudian naik ojek bayar rb pp kalo naik ojek parkir mobil rb saran ngojek parkir motor,positif,negatif
Pena Destaviani MRamadhan,setahun lalu,"Salah satu tempat wisata rekomendasi di Jawa Timur.
Tiketnya cuma 10rb, kalau mau naik ojek bisa & terjangkau, pulang-pergi 40rb.",129,salah satu rekomendasi jawa timur tiket cuma rb mau naik ojek jangkau pulangpergi rb,positif,negatif
`Bo _Oi` (Amira najiha),5 bulan lalu,"main tangga roblox di rl seseru itu ya, tpi sygnya klo jatuh gk bisa respon lgi 😔 …",83,main tangga roblox rl seru tpi sygnya klo jatuh gk respon lgi,positif,positif
Mahany,setahun lalu,"Salah satu destinasi wisata yang keren di kota kediri Jawa Timur yang patut untuk dikunjungi. Tiket masuk Rp 10.000, parkir gratis. Untuk toilet dan mushola ada diparkir an saja. Jadi sebelum naik ke kawah lebih baik ke toilet dulu …",233,salah satu destinasi keren kota diri jawa timur patut kunjung tiket masuk rp parkir gratis toilet mushola parkir an naik lebih baik toilet dulu,positif,positif
Gustav Subagio,2 tahun lalu,"Gunung yang selalu berubah pemandangannya saat saya kunjungi. Karena selalu pasca letusan. Lokasi wisata yang mudah dijangkau aksesnya. Pemandangan sangat indah, namun perlu  diperbanyak proses reboisasi agar tidak terlihat gersang.",232,selalu ubah pandang kunjung selalu pasca letus lokasi mudah jangkau akses pandang sangat indah perlu banyak proses reboisasi lihat gersang,positif,positif
E.ARI.N (Santuyingz),Diedit setahun lalu,"Random people bilang kalau anda plat AG agak aneh  kalau nggak pernah pergi ke kelud. Saran saya kesana waktu pagi atau sore hari, cari weekday kalau gak mau foto bocor, bebas mau naik ojek karena takut kalau capek dan karena gak punya waktu banyak atau jalan sendiri itung itung olahraga 😅 …",292,random people bilang plat ag aneh pernah pergi saran waktu pagi sore hari cari weekday mau foto bocor bebas mau naik ojek takut capek punya waktu banyak jalan sendiri itung itung olahraga,negatif,negatif
Melviana.,8 bulan lalu,"Tempatnya sangat indah, bisa naik ojek atau jalan kaki",54,tempat sangat indah naik ojek jalan,positif,positif
Rahmat Arifudin 054,2 tahun lalu,"untuk gunung kelud dan keindahanya sungguh luar biasa. yang saya kecewakan adalah pengelolanya bayar 10rb + parkir 2rb, tpi saat sampai parkiran disuruh menata motor sendiri, kehilangan barang dimotor bukan tanggung jawab pengelola kan …",237,keindahanya sungguh luar biasa kecewa kelola bayar rb parkir rb tpi parkir suruh tata motor sendiri hilang barang motor bukan tanggung jawab kelola kan,negatif,negatif
Jin Jagger,setahun lalu,"udah beberapa kali kesana cuma baru skrg review dan posting gambar

lokasi mudah diakses buat motor maupun mobil …",114,udah beberapa kali cuma baru skrg review posting gambar lokasi mudah akses buat motor maupun mobil,positif,positif
Nola Channel,9 bulan lalu,"Pertama kali ke sini aduhai sekaleee bestieee jalan menuju lokasinya....
Pakai maps ga nyasar kok aman,ada sebagian jalan yg rada exrrim kembet karna hujan..kita ambil jalur wisata bukan pendakian.. …",200,pertama kali sini aduhai sekaleee bestieee jalan tuju lokasi pakai maps nyasar amanada bagi jalan rada exrrim kembet karna hujankita ambil jalur bukan daki,positif,positif
Irawan Kunci,setahun lalu,"Gunung kelud adalah salah satu gunung cantik dan elok dijawa timur, Rutenya seru jika dari lokasi parkir mobil dan mau naik ke atas mesti naik gojek, jika mau jalan lumayan jauh. …",180,salah satu cantik elok dijawa timur rute seru lokasi parkir mobil mau naik atas mesti naik gojek mau jalan lumayan jauh,positif,negatif
Shella Wani,3 tahun lalu,"Destinasi wisata yang wajib dikunjungi ketika ke Kediri. Usahakan kalau kesana pas musim kemarau saja, karena kalau musim hujan jalanan jadi ekstrim dan cuma dapat pemandangan yang berkabut dan tidak terlihat sama sekali. …",223,destinasi kunjung diri usaha pas musim kemarau musim hujan jalan ekstrim cuma pandang kabut lihat sama,positif,positif
Rosemarie Jr,2 tahun lalu,"Kereen!

Kalau kesini kudu pagi2 dan jangan pas musim ujaan, kabutnya cepet turun tapi …",88,kereen kesini kudu pagi jangan pas musim ujaan kabut cepet turun,positif,positif
Andri Sutisna,2 tahun lalu,"Untuk pengalaman saya itu banyak tempat yang kurang ke urus, padahal kalo di urusin lagi lebih bagus, tapi untuk pemandangannya bagus
Untuk yang pengen ke kawah bisa naik ojek tinggal bayar 40.000 atau jalan kaki.",213,alam banyak kurang urus padahal kalo urusin lebih bagus pandang bagus ken naik ojek tinggal bayar jalan,positif,negatif
Nilla Putri Rosidania,2 tahun lalu,"Kalo kesini wajib banget buat lanjut ke kawah, bisa jalan kaki atau naik ojek. Harga 40k buat ojek tapi worth it!! pemandangan diatas bener2 bagus, kalo pengen nikmatin pemandangan yg lebih bagus dan masih kuat jalan kaki ±5km lebih baik jalan kaki, seru!!",256,kalo kesini banget buat lanjut jalan naik ojek harga k buat ojek worth it pandang atas bener bagus kalo ken nikmatin pandang lebih bagus kuat jalan km lebih baik jalan seru,positif,positif
Nagacirebon21 Naga,2 bulan lalu,Adem bagus pemandangan,22,adem bagus pandang,positif,positif
Farid Muhammad Iqbal,setahun lalu,"Salah satu Gunung paling akftif yg ada di Indonesia yg terletak di kediri, gunung ini sangat bagus, penjual makanannya juga relatif murah, tapi sayang sekali kalau naik lebih ke atas harus naik ojek dengan alasan sudah ada paguyubanny, …",237,salah satu paling akftif indonesia letak diri sangat bagus jual makan relatif murah sayang naik lebih atas naik ojek alas paguyubanny,positif,positif
AF Minion,2 tahun lalu,"Tempat wisata yg worth it banget buat dikunjungi. Untuk HTM cm 8rb dan 10rb di hari weekend, tambah 2rb buat parkir motor di dalem, dan untuk menuju ke puncak ada 2 pilihan yang pertama gratis kita jalan sendiri sampai ke kawah atau menyewa ojek, untuk ojeknya juga murah 30rb udah pp",284,worth it banget buat kunjung htm cm rb rb hari weekend tambah rb buat parkir motor dalem tuju puncak pilih pertama gratis jalan sendiri sewa ojek ojek murah rb udah pp,positif,negatif
Diyah Puspitaningrum,6 tahun lalu,"Jauuuhhh banget hahaha. Letaknya ada di kecamatan Ngancar Kabupaten Kediri. Dari simpang 5 gumul masih sekitar 1 jam perjalanan naik motor yang bisa nyelip2 ketika macet. Lokasi ini bisa ditempuh menggunakan motor atau mobil, sayangnya …",237,jauuuhhh banget hahaha letak camat ngancar kabupaten diri simpang gumul jam jalan naik motor nyelip macet lokasi tempuh guna motor mobil sayang,negatif,negatif
Dewi Maratus Sholikhah,6 tahun lalu,"Saya berkunjung tgl 12 Juni 2019, berdua sama teman naik sepeda motor, tiket masuk berdua plus biaya parkir kemarin habis 19.000. Dr tempat parkir saya dan teman memilih jalan kaki, itung2 olahraga. …",200,kunjung tgl juni dua sama teman naik sepeda motor tiket masuk dua plus biaya parkir kemarin habis dr parkir teman pilih jalan itung olahraga,positif,positif
Ria Dwi Afriana,2 tahun lalu,"MasyaAllah indah banget. Bisa lihat kawah yang berwarna hijau tosca tanpa perlu mendaki . Ojeknya jg cukup terjangkau, 40K buat PP dari parkiran ke kawah.",154,masyaallah indah banget lihat warna hijau tosca perlu daki ojek jg cukup jangkau k buat pp parkir,positif,positif
Hafizh Firmansyah,sebulan lalu,"Pemandangannya bagus, perjalanan nya banyak pilihan. Ada yang mudah dan ramah untuk orangtua",92,pandang bagus jalan banyak pilih mudah ramah orangtua,positif,positif
Dwi Widiastuti,10 bulan lalu,Tempat wisata yg hrs dikunjungi pemandangannya bagus ......proses menuju ke lokasi jgenak ga begitu ekstrim ....abang² ojeknya jg ramah enak ......oleh² nanas keluarnya jg enak manis....,186,hrs kunjung pandang bagus proses tuju lokasi jgenak ekstrim abang ojek jg ramah enak oleh nanas keluar jg enak manis,positif,positif
Lia Kanji,3 tahun lalu,"Eksotis sangat indah pemandangan jln untuk mobil tdk terlalu extreem namun untuk naik ke puncak ojeknya sangat uji adrenalin.
Di rest area mushola kamar mandi bersih banyak warung harga relatif murah sperti harga kaki lima tiket masuk per org 10rb
Untuk mobil 5rb",263,eksotis sangat indah pandang jln mobil terlalu extreem naik puncak ojek sangat uji adrenalin rest area mushola kamar mandi bersih banyak warung harga relatif murah sperti harga lima tiket masuk per org rb mobil rb,positif,positif
Aziizah Fajar,setahun lalu,"Kalo Jateng punya telomoyo, jatim punya kelud. Sama sama bisa sampe puncak naik motor doang. Tp sbg orang Jogja aku blm pernah ke telomoyo. Lebih tertarik ke kelud dulu. …",171,kalo jateng punya telomoyo jatim punya sama sama sampe puncak naik motor doang tp sbg orang jogja blm pernah telomoyo lebih tarik dulu,positif,positif
Winda Piglet,setahun lalu,"Kalo pengen ke Gunung tanpa mendaki ya Gunung Kelud ini pilihannya. Hehe. Bisa lihat kawahnya yg cantik tanpa perlu mendaki, cukup bayar ojek 30rb sudah sampai. Pemandangannya Indah bgt apalagi kalau waktu cerah",211,kalo ken daki pilih hehe lihat kawah cantik perlu daki cukup bayar ojek rb pandang indah bgt waktu cerah,positif,positif
Rizkie Oktariansyah,7 tahun lalu,"Good place for you if you want to spend your time in Kediri. ..
Gunung Kelud merupakan salah satu tempat wisata di daerah Kediri, gunung ini erupsi pada tahun 2014 namun sekarang telah dibuka kembali. Pasca erupsi pada tahun …",226,good place for you if you want to spend your time in diri rupa salah satu daerah diri erupsi tahun buka pasca erupsi tahun,positif,positif
Extivonus Fransiskus,7 tahun lalu,"Akses jalan menuju lokasi mudah, beberapa memang ada yang rusak, tapi overall masih bagus. Ada baiknya membawa motor/mobil dengan tenaga yang mumpuni, tapi sejauh ini kami memakai matic dan tidak masalah. Pemandangan bagus, terutama untuk …",240,akses jalan tuju lokasi mudah beberapa memang rusak overall bagus baik bawa motormobil tenaga mumpuni jauh pakai matic masalah pandang bagus utama,positif,positif
Jai Haka,6 bulan lalu,"Agustus 2025 , HTM 10k/org, parkir mobil 5k, ojek PP 40k(parkiran motor Kelud-kawah Kelud)",90,agustus htm korg parkir mobil k ojek pp kparkiran motor keludkawah,positif,positif
Hafidz Lukman Hakim,3 tahun lalu,"Gunung kecil yang cukup melelahkan, untuk mengunjungi basecamp tulungrejo dapat di tempuh dengan sepeda motor dan mobil yang jalanya sebagian rusak, setelah sampai pos kita registrasi sebesar 15k dan parkir 10k, ada juga jasa ojek sampai …",239,kecil cukup lelah unjung basecamp tulungrejo tempuh sepeda motor mobil jala bagi rusak pos registrasi besar k parkir k jasa ojek,negatif,positif
NeySha,2 tahun lalu,"Gak perlu capek2 naek gunung. Krna bs naek ojek 40rb sampai ke kawahnya gn.kelud. 😁
Pemandangannya sangat indah. Kita jg bs melewati inlet (terowongan) Ganesha. …",162,perlu capek naek krna bs naek ojek rb kawah gnkelud pandang sangat indah jg bs lewat inlet terowongan ganesha,positif,positif
Achmad Sirojudin,7 tahun lalu,"Gunung Kelud merupakan salah satu gunung berapi aktif di Jawa Timur.
Puncak-puncak yang ada sekarang adalah sisa dari letusan ada 3 puncak di Gunung Kelud, yaitu Puncak Kelud di sisi timur, Puncak Gajahmungkur di sisi barat dan …",229,rupa salah satu rap aktif jawa timur puncakpuncak sisa letus puncak puncak sisi timur puncak gajahmungkur sisi barat,positif,positif
Nidha Ul Khasanah,setahun lalu,"Untuk ukuran perjalanan ke gunung jalannya sangat bersahabat, tidak banyak kendaraan yg lalu lalang, jalan tidak terlalu berkelok2, tidak terlalu menanjak atau curam. Datang jam berapapun tetap rasanya sejuk saat di kawah. Paling suka beli nanas di Kelud rasanya sangat renyah, manis agak asam & segar dengan harga yg sangat terjangkau.",336,ukur jalan jalan sangat sahabat banyak kendara lalu lalang jalan terlalu kelok terlalu tanjak curam datang jam berapa tetap rasa sejuk paling suka beli nanas rasa sangat renyah manis asam segar harga sangat jangkau,positif,positif
Bayu Rahmad,6 bulan lalu,Gk usah diragukan untuk viewnya,31,gk usah ragu viewnya,positif,positif
Eduuu,6 tahun lalu,"This is one alternative destination when you visited kediri, east java. Easy to access by various vehicle like motorcycle, car or bus. It's more convenient if you go by car or motorcycle. You are not allowed ride your motorcycle to the nearest area of crater, but you can park them at parking place and continue hiking",318,this is one alternative destination when you visited diri east java easy to access by various vehicle like motorcycle car or bus its more convenient if you go by car or motorcycle you are not allowed ride your motorcycle to the nearest area of crater but you can park them at parking place and continue hiking,positif,positif
Arma Ima Sahata,8 tahun lalu,"Bagi traveler yang menyukai keindahan alam maka Gunung kelud adalah opsi yang bisa dijadikan pilihanhan.
Dari arah surabaya paling enak lewat ngoro kemudian kediri baru ke arah Blitar …",185,traveler suka indah alam opsi jadi pilihanhan arah surabaya paling enak lewat ngoro kemudian diri baru arah blitar,positif,positif
Dewi Chen,2 tahun lalu,"Good view n fresh air 👍 entrance ticket Rp 10k per adult on public holiday, Rp 40k for return trip approximately 5km using motorcycle ojek. There are sellers u can get worth to buy pineapples🍍 the attraction is opened from 07.00-15.30 …",236,good view n fresh air entrance ticket rp k per adult on public holiday rp k for return trip approximately km using motorcycle ojek there are sellers u can get worth to buy pineapples the attraction is opened from,positif,positif
Otnay91,7 tahun lalu,"Pemandangan cukup bagus & indah, dari pusat kota jaraknya lumayan sekitar 1jam lebih, untuk menuju kesana jalannya juga sudah aspalan semua jadi aksesnya gampang. Untuk puncak belum sampek karena pas kesana udah siang jd ga kuat panasnya, & …",242,pandang cukup bagus indah pusat kota jarak lumayan jam lebih tuju jalan aspal semua akses gampang puncak sampek pas udah siang jd kuat panas,positif,positif
NUB PROJECT,Diedit 2 tahun lalu,salah satu gunung yang harus kalian kunjungi rek. pemandangannya bagus dan nggak perlu banyak effort sampai ke kawahnya. …,122,salah satu kalian kunjung rek pandang bagus perlu banyak effort kawah,positif,positif
Muhammad Akbar Firdaus,6 tahun lalu,"[Just Info]
Gunung dengan tinggi 1731 MDPL ini cocok buat hikers awam yang mau cobain rasanya sensasi naik gunung . …",117,just info tinggi mdpl cocok buat hikers awam mau cobain rasa sensasi naik,positif,positif
farkaters oi,7 tahun lalu,Untuk masuknya rp 10000-15000an lupa pastinya jalannya tidak terlalu nanjak dan sudah diaspal sampai hampir puncak gunung kelud kalian bisa naik sepeda untuk sampai ke tengah tengah lalu dilanjutkan dengan jalan kaki untuk pergi ke puncak …,240,masuk rp an lupa pasti jalan terlalu nanjak aspal hampir puncak kalian naik sepeda tengah tengah lalu lanjut jalan pergi puncak,positif,positif
ahmad a'izudin al maluf,3 tahun lalu,"Dikelola dengan baik,jalan mulus sampe atas
Untuk motor umum ada batas terakhir ngga boleh masuk, harus pake ojek/jalan kaki, lebih cape tp momen nya lebih dapet",161,kelola baikjalan mulus sampe atas motor umum batas akhir ngga masuk pake ojekjalan lebih cape tp momen lebih dapet,positif,negatif
Nur Ika Liana,Diedit 8 tahun lalu,"Jalur wisata berada di Kediri. Untuk saat ini, kawah Kelud hanya dapat diakses melalui jalur pendakian baik itu Tulungrejo ataupun Karangrejo. Pendakian disarankan melewati Tulungrejo karena sudah ada pos pendakian. Di sana pendaki dapat …",239,jalur ada diri akses lalu jalur daki baik tulungrejo atau karangrejo daki saran lewat tulungrejo pos daki sana daki,positif,positif
Dwi Setyawan,setahun lalu,Salah satu wisata terbaik di Kediri. Tarif ojek untuk naik ke kawah cukup terjangkau dengan harga 40k/orang dan sudah PP. Tukang ojeknya pun ramah dan tak segan menawarkan bantuan untuk menjadi fotografer😁🙏🏻 …,209,salah satu baik diri tarif ojek naik cukup jangkau harga korang pp tukang ojek ramah segan tawar bantu jadi fotografer,positif,positif
Ika,6 tahun lalu,"Untuk menuju ke gunung kelud bisa dari kediri dan blitar. Kalau dari kediri berarti lewat jalur wisata, dan jika dari blitar melewati jalur pendakian yaitu bisa dari tulungrejo maupun karangrejo. Dulu kalau ingin sampai kawahnya harus …",236,tuju diri blitar diri arti lewat jalur blitar lewat jalur daki tulungrejo maupun karangrejo dulu kawah,positif,positif
Dian Afriani,Diedit 2 tahun lalu,"Senang banget deh bisa berkunjung ke tempat wisata ini. Sejenak melepas kepenatan akibat aktivitas sehari hari, dan saat bosan pergi ke pantai,  pergi ke gunung adalah solusi nya. Yang menarik dari gunung kelud ini adalah, kita bisa …",234,senang banget kunjung jenak lepas penat akibat aktivitas hari hari bosan pergi pantai pergi solusi tarik,positif,positif
wilda syamsiah,7 tahun lalu,"Gunung kelud cocok banget untuk pendaki pemula, rintangan tidak terlalu banyak, dan jalannya pun sudah aspal.
Untuk keindahan tak jauh indah dari gunung gunung lainnya, gunung kelud cukup …",189,cocok banget daki mula rintang terlalu banyak jalan aspal indah jauh indah lain cukup,positif,positif
Tiar Sumimasen,setahun lalu,mungkin pemandangan nya jauh lebih bagus ketika tidak mendapatkan kabut,71,mungkin pandang jauh lebih bagus dapat kabut,positif,positif
Anisah Noor Immama,6 tahun lalu,"Keren, tapi bagi yang ga kuat jalan jauh mending ditahan egonya biar ga sampe ujung hehe karenanya jalannya nanjak, lalu diatas kita bisa sewa motor untuk ke kawah, sekitar 25000 /motor untuk diantar ke kawah dan kembali. Jalanan dikawah waktu kesana sudah 1/2 jadi, jangan lupa foto dan video saat perjalanan ke kawah.",319,keren kuat jalan jauh mending tahan ego biar sampe ujung hehe karena jalan nanjak lalu atas sewa motor motor antar jalan kawah waktu jangan lupa foto video jalan,positif,negatif
sa'iidatul abadiyah,3 tahun lalu,Tempat wisata alam yang recommended banget. Buat sekeluarga/temen/pasangan worth it sama tiket masuknya. Kalau gamau capek² sampek kawah naik ojek aja..,152,alam recommended banget buat sekeluargatemenpasangan worth it sama tiket masuk gamau capek sampek naik ojek,positif,negatif
Rud Yanto,7 tahun lalu,"gunung yang keren yaang beraada di kediri, spanjang jalan menuju puncak gunung kediri di suguhi banyak.pemandangan indah, banyak tempat selfie yang menarik, jalannya pun sudah beraspal kalo di.lihat mirip pegunungan di cina",223,keren yaang beraada diri spanjang jalan tuju puncak diri suguh banyakpemandangan indah banyak selfie tarik jalan aspal kalo lihat mirip gunung cina,positif,positif
Nur Aisyah,setahun lalu,"Indah sekali gunung Kelud kawah nya biru telur asin, di sana sejuk sekali betah deh kalo kesana",95,indah biru telur asin sana sejuk betah kalo,positif,positif
Dine Wahyu,3 tahun lalu,"First time ke Gunung Kelud, dua kali gagal karena hujan. Pastikan cuaca cerah supaya perjalanan aman dan menyenangkan.. Lokasi mudah dicari dgn mengikuti gmaps. Gunakan kendaraan dlm kondisi bagus ya karena medan nya agak naik turun tp …",237,first time kali gagal hujan pasti cuaca cerah jalan aman senang lokasi mudah cari dgn ikut gmaps guna kendara dlm kondisi bagus medan naik turun tp,positif,positif
Linda Septiyono,8 tahun lalu,Masya Allah... pemandanganx sangat bagusss... udara sejuk segar.. sayangx pada saat saya ke sana masih ada proyek di Gunung Kelud jadi di tutup sebagian... uk nyampe ke atas kita naik ojek dolo... murah ongkos ojekx dan kitapun ditunggu di sana sampai balik lagi ke parkiran mobil,280,masya allah pemandanganx sangat bagusss udara sejuk segar sayangx sana proyek tutup bagi uk nyampe atas naik ojek dolo murah ongkos ojekx kita tunggu sana balik parkir mobil,positif,positif
Fandhi Yulian Mayori,7 tahun lalu,"Perjalanan menuju ke kawah kelud dari batas akhir kendaraan luyaman jauh, dikarenakan dampak letusan pada tahun 2014, jarak tempuhnya kurang lebih 4 KM bisa ditempuh dengan jalan kaki atau dengan menyewa ojek. …",211,jalan tuju batas akhir kendara luyaman jauh karena dampak letus tahun jarak tempuh kurang lebih km tempuh jalan sewa ojek,negatif,negatif
AD Adam,6 tahun lalu,"Berbeda dengan gunung lainnya karena ketika naik gunung kita harus jalan memuncak, gunung kelud sudah diaspal jadi semua orang bisa menikmati ketinggian indahnya gunung kelud. …",177,beda lain naik jalan puncak aspal semua orang nikmat tinggi indah,positif,positif
Tantyo Dharmawan,7 tahun lalu,Bagus sekali. Namun tidak bisa ke puncak karena harus ada tour guide nya dari solo yang terjadwal. Over all dari awal pendakian hingga ke kawahnya cukup memuaskan dan mengesankan bagi pemula seperti saya. Gunung ini cocok untuk orang yang ingin trek mendaki medium.,265,bagus puncak tour guide solo jadwal over all awal daki hingga kawah cukup muas kesan mula cocok orang trek daki medium,positif,positif
tarie koe,6 tahun lalu,"Seribu kali ke kelud tidak akan bosan
Menikmati alam yang cakep
Wisata yang amat indah..bersama alam …",102,ribu kali bosan nikmat alam cakep indahbersama alam,positif,positif
Fiki Fawaidah,2 tahun lalu,"jangan berekspektasi tinggi dahulu,mungkin bagi beberapa orang ini sudah luar biasa namun sebenarnya kita jauh2 keatas hanya untuk melihat kawah ,bagi pejalan kaki mungkin sedikit mengecewakan mungkin juga tidak apabila mengambil sisi …",236,jangan berekspektasi tinggi dahulumungkin beberapa orang luar biasa benar jauh atas lihat pejal mungkin sedikit kecewa mungkin apabila ambil sisi,negatif,positif
Wahyu Tri Ningsih,2 tahun lalu,"Gunung legendaris di Kediri Jawa Timur, dengan keindahannya yang menyejukkan mata. Siapapun yang main ke kediri rugi kalau ga kesini dulu. Apalagi kalau ga ke kawah nya fyuh bener-bener sia-sia wkwk. Buat naik ke kawahnya bisa pake jasa …",238,legendaris diri jawa timur indah sejuk mata siapa main diri rugi kesini dulu fyuh benerbener siasia wkwk buat naik kawah pake jasa,positif,positif
Ida Wahyunita,7 tahun lalu,Bagus cocok buat pecinta Alam. Tapi syang jalannya banyak yang rusak akibat letusan kelud thun 2014. Smpai skrang blum diperbaiki. Jembatan nya pun nyeremin. Jalannya jadi jauh. Lahan parkir kurang. Bedalah sma gunung kelud yg dlu sma …,236,bagus cocok buat cinta alam syang jalan banyak rusak akibat letus thun smpai skrang blum baik jembatan nyeremin jalan jauh lahan parkir kurang beda sma dlu sma,positif,positif
Ekaning Benawi,8 tahun lalu,"Gunung yang memiliki tinggi 1731 mdpl ini memiliki bentang alam yang cantik. Gunung Kelud merupakan salah satu gunung berapi di Provinsi Jawa Timur, Indonesia, yang tergolong aktif. Gunung ini berada di perbatasan antara Kabupaten Kediri, …",240,milik tinggi mdpl milik bentang alam cantik rupa salah satu rap provinsi jawa timur indonesia golong aktif ada batas kabupaten diri,positif,positif
Samsul Arifin (Mr. Sam),Diedit 7 tahun lalu,"this is an active volcano, the last eruption is on February 14, 2014. Now this mountain is being renovated for some areas around it as tourism object. I think the renovation process is really taking time. we never know when to finish the …",239,this is an active volcano the last eruption is on february now this mountain is being renovated for some areas around it as tourism object i think the renovation process is really taking time we never know when to finish the,positif,positif
wahyu hidayat,8 tahun lalu,"Tak luput dari peta travel kita saat jalan ke kediri. Gunung kelud yang terletak di perbatasan kediri, blitar sangan cocok untuk di kunjungi yg suka hobi jalan di gunung. …",172,luput peta travel jalan diri letak batas diri blitar sangan cocok kunjung suka hobi jalan,positif,positif
affandi abidin,setahun lalu,"Salah satu destinasi wisata alam yang bagus di sekitar kota kediri. Tempatnya bagus, pemandangannya juga bagus, jalan kesana juga bagus. Dilokasi tersebut terdapat terowongan",174,salah satu destinasi alam bagus kota diri tempat bagus pandang bagus jalan bagus lokasi sebut dapat terowongan,positif,positif
ayup Hariyati,Diedit 6 tahun lalu,"Gunung dengan pesona alami yang menjadi icon kota kediri, sangat asri dan sejuk. Hanya saja untuk menuju puncak gunungnya kita harus berjalan jauh sekali",153,pesona alami jadi icon kota diri sangat asri sejuk tuju puncak gunung jalan jauh,positif,positif
Christian Wijayanto,8 tahun lalu,"nice view of the green mountain. i took photo after eruption and it's still beautiful. this is one of the best mountain in East Java and it's still active. also the trip before reach the mountain was unforgettable moments, the road is good …",241,nice view of the green mountain i took photo after eruption and its still beautiful this is one of the best mountain in east java and its still active also the trip before reach the mountain was unforgettable moments the road is good,positif,positif
Nita Dwi,Diedit 2 tahun lalu,"Kalau mau ga capek bisa naik ojek, PP 30k per orang.
Kalau mau mencoba sensasi jalan kaki sambil melihat view nya gunung Kelud boleh jalan kaki, tapi kita harus bawa persediaan minum karena perjalanan lama kurang lebih 45 menit, jarak dr batas  parkir motor sampai kawah Kelud kira-kira 5km",290,mau capek naik ojek pp k per orang mau coba sensasi jalan lihat view jalan bawa sedia minum jalan lama kurang lebih menit jarak dr batas parkir motor kirakira km,negatif,negatif
Ratno Soegiarto,setahun lalu,"Gunung Kelut termasuk gunung yang aktif berada di ketinggian 1731mdpl.
Untuk mencapai lokasi bisa dengan roda empat atau roda dua via kediri.
Untuk mencapai puncak Gunung Kelut cukup dengan ojek di antar sampai puncak …",219,kelut masuk aktif ada tinggi mdpl capai lokasi roda empat roda via diri capai puncak kelut cukup ojek antar puncak,positif,positif
iben darmawan,7 tahun lalu,"Datang sore hari, musim hujan. sehingga pemandangan gunung Kelud yang exotic tidak nampak, semua tertutup oleh kabut.
Jalan menuju area wisata GUnung Kelud sangat mudah, banyak petunjuk arah yang …",197,datang sore hari musim hujan pandang exotic nampak semua tutup kabut jalan tuju area sangat mudah banyak tunjuk arah,positif,positif
Lintang Gading Pramesti_,3 tahun lalu,"Bagus siii, tapi waktu kesana nyampenya udah lumayan sore sama mendung jadi ga puas buat liat gunung Kelud nya. Buat naik keatas naik ojek ya, dulu sekitar 50k dari pertengahan jalan, karena gakuat jalan karena ternyata jauh dan ngejar …",237,bagus siii waktu nyampenya udah lumayan sore sama mendung puas buat liat buat naik atas naik ojek dulu k tengah jalan gakuat jalan nyata jauh ngejar,positif,negatif
Hamdani,6 tahun lalu,"pemandangan yangnluar biasa, dengen pesona magnetik gunung kelud, suasana berkabut, paling favorit nanas kelud yang manis dan segar.. kelud menawarkan lembah lembah yang luar biasa bagus..cocok menjadikan kelud bucket listi",223,pandang yangnluar biasa dengen pesona magnetik suasana kabut paling favorit nanas manis segar tawar lembah lembah luar biasa baguscocok jadi bucket listi,positif,positif
Ummy Almas,2 bulan lalu,"Akses mudah, pemandangannya bagus, kalo capek bisa ngojek heheh",63,akses mudah pandang bagus kalo capek ngojek heheh,positif,positif
Diyan Official,3 tahun lalu,"Wajib di kunjungi sih ❤️
HTM :10K + Parkir 2k
Ada jasa gojek ya untuk yang bukan jiwa petualang,tarif 30k PP.",109,kunjung htm k parkir k jasa gojek bukan jiwa petualangtarif k pp,positif,positif
Danis “Danis king” Maulana,3 tahun lalu,"Mantul
Lah on budget bgt .. …",29,mantul on budget bgt,positif,positif
Kiyu Al Jambrong,8 tahun lalu,"Saat aku kesini,  pada sore hari jam 3 an.. Waktu itu hujan,  jadi aku ke warung  beli makanan..  Harga murah,  itu sudah tak fotokan..  Aku naik motor vario,  bisa naik ke atas..  Cmn di pintu gerbang terakhir di tutup jd gak bisa masuk, …",240,kesini sore hari jam an waktu hujan warung beli makan harga murah foto naik motor vario naik atas cmn pintu gerbang akhir tutup jd masuk,positif,negatif
Naufal Alif,6 tahun lalu,Salah satu gunung yang wajib anda kunjungi di Jawa Timur. Akses jalan menuju gunung ini juga tidak terlalu sulit. Anda dapat menyewa jeep ataupun mengendarai kendaraan bermotor milik sendiri. Untuk pemandangannya juga  #LetsGuide #LocalGuide,241,salah satu kunjung jawa timur akses jalan tuju terlalu sulit sewa jeep atau kendara kendara motor milik sendiri pandang,positif,positif
Aswin Nobby,Diedit 10 bulan lalu,"Kelud Volcano is a stratovolcano which administratively located in 3 regions, namely Kediri Regency, Blitar Regency and Malang Regency, East Java Province as the part of hundreds volcano exists in Indonesia ring of fire lines. …",228,volcano is a stratovolcano which administratively located in regions namely diri regency blitar regency and malang regency east java province as the part of hundreds volcano exists in indonesia ring of fire les,positif,positif
Raihan Nafis,Diedit 2 tahun lalu,"Came here on sunday, better you got there before 9AM so you can enjoy the scenery with less people visit. …",107,came here on sunday better you got there before am so you can enjoy the scenery with less people visit,positif,positif
Ain Zain,3 tahun lalu,"Puncak Sejati memang TOP, dari Pos 4 keatas medannya lengkap ada hutan, panjat batu dan pasir luas. Memanjati batu terutama menuju Puncak Sejati cukup extream dengan kemiringan 80 derajad dipadukan bebatuan yang licin. Tapi sebanding dengan pemandangan kawah (yang kebetulan biru) juga pegunungan Kelud. Waktu mucak pas 17 Agst rame seruuu",339,puncak sejati memang top pos atas medan lengkap hutan panjat batu pasir luas panjat batu utama tuju puncak sejati cukup extream miring derajad padu bebatuan licin banding pandang betul biru gunung waktu mucak pas agst rame seruuu,negatif,positif
Maria Ffa,3 tahun lalu,BAGUS.. tiket masuk kmrin waktu weekend 20rb 2org.. trus aku nyoba jalan nih smpe pos 2 apa pos 3 y lupa.. trus karna ga sanggup akhirnya naek ojek.. 30rb/org PP.. kalo dri pangkalan ojeknya 50 apa ya aku lupa.. untung juga kesana pas gak hujan jadi bagus banget banget banget,276,bagus tiket masuk kmrin waktu weekend rb org trus nyoba jalan smpe pos apa pos y lupa trus karna sanggup akhir naek ojek rborg pp kalo dri pangkal ojek apa lupa untung pas hujan bagus banget banget banget,positif,positif
Ayu Wanda Sari,11 bulan lalu,"Masyaallah, indah..
Libur Lebaran gas dari Jogja ke Kediri..",60,masyaallah indah libur lebaran gas jogja diri,positif,positif
Salsabila Tajrin,4 tahun lalu,"Saya datang lagi di tahun 2021. Banyak perubahan pasca meletusnya gunung kelud. Dulu terowongan bisa kita lalui dengan jalan kaki, sekarang harus naik ojek karna terowongan yang dulu hancur ketimpa bebatuan. Sekarang di perbaiki lagi. …",236,datang tahun banyak ubah pasca letus dulu terowongan lalu jalan naik ojek karna terowongan dulu hancur timpa bebatuan baik,positif,positif
dyah riani,setahun lalu,"Dulu pernah ke sana sebelum gunung api meletus sekarang ke sini lagi di 2024 ,ada perbedaan sih tapi ya lumayan bagus walaupun tidak sebagus dulu 😄😄 …",150,dulu pernah sana api letus sini beda lumayan bagus walaupun bagus dulu,positif,positif
Budia Ningsih,Diedit setahun lalu,Gunung Kelud yang pernah meletus dengan dashyatnya di tahun 1914 menjadi tempat wisata yang banyak diminati. Terletak diantara wilayah Blitar dan Kediri. Untuk jalur menuju ke sana bisa diakses sepeda motor yg nantinya ada tempat penitipan …,241,pernah letus dashyatnya tahun jadi banyak mati letak antara wilayah blitar diri jalur tuju sana akses sepeda motor nanti titip,positif,positif
M Zakaria,sebulan lalu,Kota malang keliatan bagus dr sini,34,kota malang liat bagus dr sini,positif,positif
Citra Marmer Tulungagung,Diedit 4 tahun lalu,"tempat sangat indah, perjalanan sekitar 1 jam dari pusat kota. Perjalanan ke kawah dapat ditempuh dengan jalan kaki atau naik ojek yang banyak tersedia di area gunung kelud.",173,sangat indah jalan jam pusat kota jalan tempuh jalan naik ojek banyak sedia area,positif,positif
Donny Chahaya Dharma,6 tahun lalu,Tempat yang enak buat santai sembari menikmati senja di kelud. Semoga kedepannya aksesnya makin mudah dan jalan semakin mulus jd gak susah klo orang ke sana. Mantap,164,enak buat santai sembari nikmat senja moga depan akses makin mudah jalan makin mulus jd susah klo orang sana mantap,positif,positif
wahyu puji,6 tahun lalu,"Awal kesini cuma berdua cewek-cewek semua.dari stasiun wlingi kita naik ojek ke Tulungrejo, kita start pendakian jam 15.30 selama pendakian cuma ketemu rombongan lain 3x doang mungkin karena masih moment lebaran jadi sepi kali ya. Nah pas …",240,awal kesini cuma dua cewekcewek semuadari stasiun wlingi naik ojek tulungrejo start daki jam lama daki cuma ketemu rombong x doang mungkin moment lebaran sepi kali nah pas,negatif,negatif
Adhitya,3 tahun lalu,"One of the mountains in East Java that is still active. Beautiful view and cool air. Road access is quite easy. although there are some rocky roads. If you want to go to see the crater, there you can pay 30,000 rupiah to hire someone to …",238,one of the mountains in east java that is still active beautiful view and cool air road access is quite easy although there are some rocky roads if you want to go to see the crater there you can pay rupiah to hire someone to,positif,positif
Gurumuda keren,8 tahun lalu,Keren. Meskipun tidak sampai puncak keindahan dan kenyamanan lokasi ini sudah bisa kita rasakan dari pemberhentian batas terakhir wisatawan gunung kelud.dari batas terakhir bila beruntung (tidak berawan dan berkabut) kita bisa melihat …,236,keren meski puncak indah nyaman lokasi rasa henti batas akhir wisatawan keluddari batas akhir bila untung awan kabut lihat,positif,positif
Firly Alifaa,setahun lalu,"gada obat bagus pol, niat awal jalan kaki Sampek ke kawah, tapi ternyata capek duluan berakhir ngojek, PP cuma 30ribu start di parkiran mobil atau parkiran motor sama sajaa, buat ke parkiran motor jam 7 an gerbangnya baru di bukaaa, klo pengen naik sebelum jam 7 mending ngojek ajaa",282,gada obat bagus pol niat awal jalan sampek nyata capek duluan akhir ngojek pp cuma ribu start parkir mobil parkir motor sama sajaa buat parkir motor jam an gerbang baru bukaaa klo ken naik jam mending ngojek ajaa,positif,negatif
Senior epic 5,9 bulan lalu,Tempat wisata sekaligus pendakian gunung dengan view yg cakep. Cocok buat cuci mata,83,sekaligus daki view cakep cocok buat cuci mata,positif,positif
Jessica_ Echi.,2 tahun lalu,"Frankly,on the way to this mountain actually lovelyyy,the view feels like in the movie,hold on its still the way,untul u get through the mountain the tixket using motorcycle is 11k per person,its worth it,there is so many pineapple …",233,franklyon the way to this mountain actually lovelyyythe view feels like in the moviehold on its still the wayuntul u get through the mountain the tixket using motorcycle is k per personits worth itthere is so many pineapple,positif,positif
Bella Sahara,8 tahun lalu,Satu kata rendah belum tentu mudah. Jika dilihat dri tingginya gunung kelud termasuk rendah tapi treknya amazing😀 walaupun begitu ttep bkin nagih karna viewnya yg keren abisss. Apalagi pas udah nyampe kawahnyaa uuh bkin ga pngen pulang loh krna seger bgt liat yg ijo2😍 …,270,satu kata rendah mudah lihat dri tinggi masuk rendah trek amazing walaupun ttep bkin nagih karna viewnya keren abisss pas udah nyampe kawahnyaa uuh bkin pngen pulang loh krna seger bgt liat ijo,positif,positif
RICO PRASETIAWAN,setahun lalu,"Lumayan  sayangnya pas kesini hujan
Tiket 12
Ojek 30 untuk di parkiran motor",76,lumayan sayang pas kesini hujan tiket ojek parkir motor,positif,negatif
Nadiah Thahirah AR,3 tahun lalu,"Jalan kesana lumayan jauh dari kampung Inggris, kalau kesini jangan lupa bawa mantel hujan + air minum. Kalau mau lebih menikmati pemandangan jalan kaki lebih mantap yah walaupun pastinya capek karena kita jalan kisaran 3-4km baru sampai di kawah nya.",251,jalan lumayan jauh kampung inggris kesini jangan lupa bawa mantel hujan air minum mau lebih nikmat pandang jalan lebih mantap yah walaupun pasti capek jalan kisar km baru,negatif,negatif
Mokhamad Faris Jauhari,7 tahun lalu,Wisata gunung kelud dengan pemandangan indah serta udara yang sejuk. Bisa ditempuh menggunakan ojek atau berjalan kaki menanjak. Banyak warung serta toilet umum di sepanjang perjalanan menuju ke wisata kelud. Jalan cukup sempit dan curam sehingga dihimbau untuk berhati - hati saat menuju ke tempat ini terutama pengguna roda 4.,328,pandang indah udara sejuk tempuh guna ojek jalan tanjak banyak warung toilet umum panjang jalan tuju jalan cukup sempit curam dihimbau hati hati tuju utama guna roda,positif,positif
Andika Pradana,3 tahun lalu,"Pemandangannya bagus sekali, ini foto foto pada saat saya berkunjung kesana 10 tahun yang lalu",94,pandang bagus foto foto kunjung tahun lalu,positif,positif
Moch Baktiar,7 tahun lalu,"Gunung Kelud. Sangat cocok untuk pendaki pemula, selain track yang banyak bonusnya, pendaki bisa berjalan sembari mengambil navas. Tapi perlu di perhatikan, untuk ke puncak gunung kelud setelah melewati punxak bayangan anda akan melewati …",239,sangat cocok daki mula track banyak bonus daki jalan sembari ambil navas perlu perhati puncak lewat punxak bayang lewat,positif,positif
Feri Firdiansyah,7 tahun lalu,Pendakian gn. Kelud via Blitar sensasinya banyak pacet dan estimasi waktu bisa ditembuh sekitar 4jam sampai puncak kawah. Kalau via kediri naik motor bisa dan tak memerlukan waktu yg lama untuk sampai di kawah.,210,daki gn via blitar sensasi banyak pacet estimasi waktu ditembuh jam puncak via diri naik motor perlu waktu lama,negatif,negatif
Gina,7 tahun lalu,Pertama kesana diajakin temen gaada persiapan sama sekali jd bener2 capek haha. Kedua pas kerumah keluarga doi trs sekalian ke kelud wih jadi makin asik. Pemandangannya bagus udah tumbuh pohon2 sekitar jadi warnanya udah hijau soalnya dulu …,241,pertama diajakin temen gaada siap sama jd bener capek haha dua pas rumah keluarga doi trs sekali wih makin asik pandang bagus udah tumbuh pohon warna udah hijau soal dulu,positif,positif
sams Gagers,sebulan lalu,"Jelek, masak naik gunung wajib naik ojek, padahal bawa motor sendiri",68,jelek masak naik naik ojek padahal bawa motor sendiri,negatif,negatif
Sulaiman yt,2 tahun lalu,Pemandangan nya bagus banyak bukit dan pegunungan bikin sejuk di atas 😊🏔️ …,75,pandang bagus banyak bukit gunung sejuk atas,positif,positif
nawi iwan,2 tahun lalu,"Puncak kawah gunung kelud cantik banget dengan ketinggian 1580 mdpl apalagi jika dilihat dari puncak sejatinya ya pasti waow, sayangnya waktu itu tidak boleh naik sih, karena tidak membawa peralatan seperti tali dsb. Ada beberapa puncak sih …",242,puncak cantik banget tinggi mdpl lihat puncak sejati waow sayang waktu naik bawa alat tali beberapa puncak,positif,negatif
El,7 tahun lalu,"This place is very interesting. You climb mountain with your motorcycle. But in last 5 or 7 kilometres you have to walk. The view is really good, and sometimes there is a lot of fog so make sure you take a picture when there's no fog. And …",240,this place is very interesting you climb mountain with your motorcycle but in last or kilometres you have to walk the view is really good and sometimes there is a lot of fog so make sure you take a picture when theres no fog and,positif,positif
jay us,6 tahun lalu,"Gunung api ini termasuk dalam tipe stratovulkano dengan karakteristik letusan eksplosif. Seperti banyak gunung api lainnya di Pulau Jawa, Gunung Kelud terbentuk akibat proses subduksi lempeng benua Indo-Australia terhadap lempeng Eurasia. …",240,api masuk tipe stratovulkano karakteristik letus eksplosif banyak api lain pulau jawa bentuk akibat proses subduksi lempeng benua indoaustralia lempeng eurasia,positif,positif
nanang santoso,7 tahun lalu,"Ke gunung kelud ada 2 jalur,lewat kediri naik motor,sedangkan jalur 1 lagi lewat blitar,pakai jalur pendakian,klo jalan kali kirasan 3 jam,klo mau ke bibir kawah juga bisa,tp tetap keselamatan paling utama",205,jalurlewat diri naik motorsedangkan jalur lewat blitarpakai jalur pendakianklo jalan kali kiras jamklo mau bibir bisatp tetap selamat paling utama,positif,positif
Hendratmo Budihardjo,2 tahun lalu,"Disini ternyata kalau ingin masuk dan jalan sendiri ada jam nya,jam 07.00 - 15.30 WIB,kok aneh ya,padahal bukan masuk hutan,sudah ada track yang jelas,masa ya ada orang ilang,perasaan gunung2 lain yang benar2 pure mendaki di hutan dan alas …",241,sini nyata masuk jalan sendiri jam nyajam wibkok aneh yapadahal bukan masuk hutansudah track jelasmasa orang ilangperasaan benar pure daki hutan alas,positif,positif
ady candra,7 tahun lalu,"Gunung dengan sejuta misteri dan aura mistis namun tetap eksotis, main kesini sebelum terjadi letusan tahun 2014 dimana masih mempunyai kubah anak kawah yang setelah meletus sekarang hanya ada semacam kubangan air, panorama yang disuguhkan …",241,juta misteri aura mistis tetap eksotis main kesini jadi letus tahun punya kubah anak letus macam kubang air panorama suguh,positif,positif
Aliqul Channel,setahun lalu,"View baguss, tapi sayang kesanya sepi dan serem soale banyak yg uda tutup wisata nya",84,view baguss sayang kesanya sepi rem soale banyak uda tutup,positif,positif
Tubagus aziz kewo,setahun lalu,pemandangannya lumayan bagus.. yang enak itu mandi air panas di aliran sungai g.kelud,85,pandang lumayan bagus enak mandi air panas alir sungai gkelud,positif,positif
Miftahul Jannah,8 tahun lalu,Wisata gunung berapi yang indah dan menarik. Sayangnya sampai saat saya berkunjung akses menuju puncak ditutup karena perbaikan pasca erupsi,140,rap indah tarik sayang kunjung akses tuju puncak tutup baik pasca erupsi,positif,positif
agoest jayadi,Diedit 8 tahun lalu,"Mantaaab wes ...q sukaaa...struktur guritan gunungnya mirip kawah ijen... gk ada sumber air di sepanjang perjalanan,, jadi bekal air yg banyak.... perjalanan melelahkan hanya saat mendaki alias berangkat.... yg penting yakin... yg penting …",240,mantaaab wes q sukaaastruktur gurit gunung mirip ijen gk sumber air panjang jalan bekal air banyak jalan lelah daki alias berangkat penting yakin penting,negatif,negatif
Rizka Putri,8 tahun lalu,"The view was fantastic. the road is a little bit sandy  but not really hard for climbing. I recommend to visit it in the morning or evening because it's so hot at noon. But overall, really great experience to be here.",217,the view was fantastic the road is a little bit sandy but not really hard for climbing i recommend to visit it in the morning or evening because its so hot at noon but overall really great experience to be here,positif,positif
Dedhi Purnama,3 tahun lalu,"Luar biasa pemandangan gunung kelud ..viewnya mantab, terbayar dengan capeknya perjalanan sragen kediri.
Minusnya jarang ada warung sama toilet..selebihnya mantabb..rekomen",172,luar biasa pandang viewnya mantab bayar capek jalan sragen diri minus jarang warung sama toiletselebihnya mantabbrekomen,negatif,negatif
Anwar Rosyidi,7 tahun lalu,"Wisata alam yang bagus, udara sejuk dan terdapat berbagai spot wisata sepanjanh peejalanan menuju gunung kelud. Namu gunung kelud belum bisa di akses sampai puncak karena masih dalam tahap renovasi setelah erupsi, tapi jangan galau karena pemandangan masih bisa dinikmati dengan indah.",285,alam bagus udara sejuk dapat bagai spot sepanjanh peejalanan tuju namu akses puncak tahap renovasi erupsi jangan galau pandang nikmat indah,positif,positif
Golobok go,6 tahun lalu,Jalannya sekarang sudah bagus. Harga tiket masuk tidak mahal banget. Dari parkiran atas menuju pincak harus jalan kaki atau memanfaatkan ojek ~,143,jalan bagus harga tiket masuk mahal banget parkir atas tuju pincak jalan manfaat ojek,positif,negatif
Muhamad Alvin,2 tahun lalu,Tempat yg bagus buat tujuan wisata alam dan jujur kaget banget para ojek disana ramah dan friendly sekali ditambah ongkos ojek pp pun murmer sekali,147,bagus buat tuju alam jujur kaget banget ojek sana ramah friendly tambah ongkos ojek pp murmer,positif,positif
Muhammad Rizky Firmansyah,8 tahun lalu,"Tempat parkir kurang memadai karena memenuhi jalan sehingga sering terjadi macet terutama ketika hari libur. Permukaan gunungnya yang tidak seperti gunung di Indonesia pada umumnya karena erupsi beberapa tahun yang lalu, membuat berkunjung ke sini seperti berkunjung ke planet lain, sangat indah.",296,parkir kurang pada penuh jalan sering jadi macet utama hari libur muka gunung indonesia umum erupsi beberapa tahun lalu buat kunjung sini kunjung planet sangat indah,negatif,positif
Fadly Ansyah,Diedit 7 tahun lalu,"Salah satu destinasi wisata di kabupaten kediri.  Cocok buat kalian yang suka jalan kaki.  Seru buat jalan sama temn, pacar, saudara dll . Viewnya jg bagus masih natrural setelah erupsi tahun 2014. Masih dalam perbaikan untuk menuju kawah …",240,salah satu destinasi kabupaten diri cocok buat kalian suka jalan seru buat jalan sama temn pacar saudara viewnya jg bagus natrural erupsi tahun baik tuju,positif,positif
Jejak Kawan,6 tahun lalu,"Pertama kali saya menyesal datang ke tempat wisata, sudah bayar tiket tapi di larang masuk alasan petugas karena cuaca buruk, seharusnya kalau memang cuaca buruk harus ada penjelasan di loket, biar pengunjung berfikir jadi naik/tidak kalau tidak bisa naik sampai puncak.",270,pertama kali sesal datang bayar tiket larang masuk alas tugas cuaca buruk memang cuaca buruk jelas loket biar unjung berfikir naiktidak naik puncak,negatif,negatif
Siswandi Budi Laksono,6 tahun lalu,"gunung yg cukup luar biasa, kawah bekas letusan tahun 2014 serta pemandangan setiap sudut terhampar berbagai pegunungan yg mempesona..",134,cukup luar biasa bekas letus tahun pandang sudut hampar bagai gunung pesona,positif,positif
Okky Tiara,4 tahun lalu,"Naik ke kawah pake ojek, bisa jalan kaki tapi butuh waktu yang lama. Sepanjang perjalanan ada nenas, alpukat, pete, dan durian.",127,naik pake ojek jalan butuh waktu lama panjang jalan nenas alpukat pete durian,negatif,negatif
Widhy channel,3 tahun lalu,"Pemandangannya sangat bagus,
Tempat ini sempat di tutup krena meletus tahun 2014... …",85,pandang sangat bagus sempat tutup krena letus tahun,positif,positif
mila nurcahyani,Diedit 5 tahun lalu,"Maasyaa Allah.. pemandangan disini indah sekaliiii 😍😍
Terutama jika kita sudah sampai di sekitaran kawahnya yang hijau. Untuk sampai ke kawah kita bisa jalan kaki atau naik ojek dengan biaya 50rb pulang pergi. Jarak parkir mobil sampai ke batas kawah kira-kira 5km. …",267,maasyaa allah pandang sini indah sekaliiii utama sekitar kawah hijau jalan naik ojek biaya rb pulang pergi jarak parkir mobil batas kirakira km,positif,negatif
Achmad Rofian,11 bulan lalu,Pemandangannya sangat bagus dan indah😆 …,40,pandang sangat bagus indah,positif,positif
Anjar Sari Art,7 tahun lalu,"Saat sesudah gunung kelud meletus jembatan menuju gunung kelud tidak bisa di akses.. Hanya bisa sampai titik pantau gunung kelud saja, tiket masuk gunung kelud lumayan mahal saat hari libur, lalu mengendarai montor hanya boleh sampai …",235,letus jembatan tuju akses titik pantau tiket masuk lumayan mahal hari libur lalu kendara montor,negatif,negatif
DeCiRe,6 tahun lalu,Tempat yang bagus untuk melepas penat. Walaupun tidak sebagus dulu (pasca meletus) guanya jd hilang. Tapi sekarang mulai ada pembenahan. Menuju ke lokasi kawahnya harus naik ojek 50rb PP. Terakhir saya gak sampai atas aja karena motor saya …,241,bagus lepas penat walaupun bagus dulu pasca letus gua jd hilang mulai benah tuju lokasi kawah naik ojek rb pp akhir atas motor,positif,positif
Regavit Setyo Haryono,7 tahun lalu,"Pemandangan indah, suasana sejuk cenderung dingin,  ada fasilitas umum seperti toilet, tempat makan dan mushola, terakhir saya ke sini tanggal 2 Desember 2018 bertepatan hari minggu untuk tiket masuk sebesar Rp 10.000,- nanti bisa masuk …",238,pandang indah suasana sejuk cenderung dingin fasilitas umum toilet makan mushola akhir sini tanggal desember tepat hari minggu tiket masuk besar rp masuk,positif,positif
Ari agung Agung,setahun lalu,"Kalau kesana usahakan musim kemarau,,biar view nya bagus",56,usaha musim kemaraubiar view bagus,positif,positif
James Hermansyah,8 tahun lalu,Berkunjung Waktu Libur Panjang Dan Tahun Baru Rame Banget. Kalau Bawa Mobil Pribadi Mending Parkir Pintu Masuk Lalu Naik Ojek Motor Sampai Puncak Kelud.,152,kunjung waktu libur panjang tahun baru rame banget bawa mobil pribadi mending parkir pintu masuk lalu naik ojek motor puncak,positif,negatif
Nia aqila,4 tahun lalu,Gunung kelud terbaru setelah ppkm dibuka kembali..wisata alam yg menakjubkan..dari parkiran harus ngojek dulu..dg pemandangan yg indah..semua terbayarkan..👍 …,158,baru ppkm buka kembaliwisata alam menakjubkandari parkir ngojek duludg pandang indahsemua bayar,positif,positif
Ilham Zakaria,4 tahun lalu,Masya Allah pemandangannya sungguh amazing. Walau harus berjalan dari tempat terakhir pemberhentian kendaraan dng jarak kurang lbh 10 km (PP) tapi tidak membuat lelah karena sepanjang perjalanan disuguhi view yg mantap. Kekurangannya itu berupa sarana toilet yg minim di daerah dekat kawah.,290,masya allah pandang sungguh amazing jalan akhir henti kendara dng jarak kurang lbh km pp buat lelah panjang jalan suguh view mantap kurang upa sarana toilet minim daerah dekat,negatif,negatif
Affan Ansori,3 bulan lalu,7 Desember aku ke situ sama ayah aku terus tinggi juga tapi kabut juga terus seperti raksasa tapi kawah indah banget,116,desember situ sama ayah terus tinggi kabut terus raksasa indah banget,positif,positif
Nay,3 tahun lalu,"Rasakan sensasi jalan PP tanpa ojek dari area parkir-kawah.. definini self harm tapi nagihi, mantap 👍🏻👍🏻😁 …",107,rasa sensasi jalan pp ojek area parkirkawah definini self harm nagihi mantap,positif,positif
Rahmadani Aldiansyah G,4 tahun lalu,"Gunung Kelud Kediri, Menawarkan Pemandangan Alam yang Memanjakan Mata. Bisa Untuk Healing Ketika Sudah Penat Dengan Keadaan Dunia. Alam Menawarkan Melalui Gunung Kelud yang bisa diakses oleh semua orang.",203,diri tawar pandang alam manja mata healing penat ada dunia alam tawar lalu akses semua orang,positif,positif
momo artikka,9 tahun lalu,Tempatnya bagus . Tiket masuk untuk wisatawan juga murah. Setelah gerbang masuk kita di suguhkan pemandangan ladang warga yang luas yang saat saya kesana sedang panen buah nanas. …,180,tempat bagus tiket masuk wisatawan murah gerbang masuk suguh pandang ladang warga luas sedang panen buah nanas,positif,positif
Mentari Senja,8 tahun lalu,"Tempatnya bagus, sayangnya jalan rusak dan masih dalam perbaikan. Tapi saya akan kesana lagi setelah perbaikan selesai. Semoga cepat selesai.. )",144,tempat bagus sayang jalan rusak baik baik selesai moga cepat selesai,positif,positif
Mr. Day,8 tahun lalu,"Wisata alam yg OK bnget. Pmandangan bsgus, udaranya sejuk.
Ngomong'² kpan jalur mnuju kawah via kediri dibuka nich....?
Salam adventure..... …",142,alam bnget pmandangan bsgus udara sejuk ngomong kpan jalur mnuju via diri buka nich salam adventure,positif,positif
Andika Puji,7 tahun lalu,"Gunung dengan pesona tersendiri. Sangat indah walau tidak setinggi gunung lainnya. Bisa dicapai dengan dua jalur perjalanan. Via blitar dan via kediri. Dapat dicapai menghunakan jasa ojek, sepeda sendiri ataupun berjalan kaki.",226,pesona sendiri sangat indah setinggi lain capai jalur jalan via blitar via diri capai menghunakan jasa ojek sepeda sendiri atau jalan,positif,positif
dimas wahyu widayat,Diedit 6 tahun lalu,"Salah satu tempat yang menarik di kediri,
-spot menarik pagi dan sore
-panas kl siang hari …",92,salah satu tarik diri spot tarik pagi sore panas kl siang hari,negatif,negatif
Nur Cholis,setahun lalu,"Lihat kawahnya sungguh indah ciptaan tuhan, sudah sering kesini dr jakarta ke Kediri gk bosan",93,lihat kawah sungguh indah cipta tuhan sering kesini dr jakarta diri gk bosan,positif,positif
SSB,7 tahun lalu,"Suhunya yg sejuk menambah keindahan, lokasi nya tidak sulit dilalui. Jalan ke arah wisata tidak rusak, harga makanan standar. Sekarang masih renovasi.",150,suhu sejuk tambah indah lokasi sulit lalu jalan arah rusak harga makan standar renovasi,positif,positif
Abrur Alaina,6 tahun lalu,"Masih cantik walau setelah meletus,  coba di perluas untuk spot foto yang mudah di jangkau maupun orang tua",107,cantik letus coba luas spot foto mudah jangkau maupun orang tua,positif,positif
sinyo ureh,7 tahun lalu,"Pemandangan yang indah, kalau berkunjung di Kediri sayang kalau gak mampir kesini, pertama kali kesini kawah di tengahnya ada airnya, yang kedua meletus lagi,di tengah tengah kawah muncul gunung baru, yang ketiga meletus lagi,gunung yang muncul di tengah tengah kawah hilang,jadi ada airnya lagi, yang sekarang belum kesitu lagi, pingin",336,pandang indah kunjung diri sayang mampir kesini pertama kali kesini tengah air dua letus lagidi tengah tengah muncul baru tiga letus lagigunung muncul tengah tengah hilangjadi air kesitu pingin,positif,positif
Levi Nabilla,7 tahun lalu,"Cukup capek saat jalan kaki. Buat anda yang tidak kuat buat jalan, di sana di sediakan ojek atau jika anda mengendarai motor sendiri, bisa dikendarai sampai atas.",162,cukup capek jalan buat kuat buat jalan sana sedia ojek kendara motor sendiri kendara atas,negatif,negatif
Atikah Rahmah,4 tahun lalu,"baru masuk area kelud ada komplek pemakamannya😭 tapi gapapa, kebayar sama pemandangan yg didapetin waktu udah masuk. udah ada jalannya, wes pokok garek enak e. mantap, salam arema. …",182,baru masuk area komplek makam gapapa bayar sama pandang didapetin waktu udah masuk udah jalan wes pokok garek enak e mantap salam arema,positif,positif
ha ha,8 tahun lalu,"Tempat yg bagus... jalan sudah ok, fasikilitas juga oke.. harga tiket masuk hari biasa Rp 8000,00 weekend 10.000,00 dekat dengan argowisata argomulyo , jika mau masuk argomulyo tiket Rp.5000,00 ... disediakan ojek Rp. 15.000,00 jika takut …",240,bagus jalan fasikilitas oke harga tiket masuk hari biasa rp weekend dekat argowisata argomulyo mau masuk argomulyo tiket rp sedia ojek rp takut,positif,negatif
Zan Merry,6 tahun lalu,"Kalau dari Kediri untuk sampai ke kawah gunung Kelud bisa jalan kaki mulai dari parkiran mobil atau motor.. jarak nya lumayan jauh. Tapi jika tidak mau bersusah payah, dari tempat parkir mobil bisa naik ojek dgn membayar 50rb per orang …",237,diri jalan mulai parkir mobil motor jarak lumayan jauh mau susah payah parkir mobil naik ojek dgn bayar rb per orang,negatif,negatif
Retno Wulandari,6 tahun lalu,"Lagi musim kemarau, jadi banyak yang kering, tapi tetep bagus scenery nya, cocok buat yang suka hunting foto",108,musim kemarau banyak kering tetep bagus scenery cocok buat suka hunting foto,positif,positif
Lunz Gaming,setahun lalu,Suatu Pengalaman yang menyenangkan bisa mengunjungi tempat ini,62,suatu alam senang unjung,positif,positif
Dian Wulandari,6 tahun lalu,"Wisata Kelud

Ceritanya setelah pulang dari kampong anggrek dan ternyata kok melihat palang …",93,cerita pulang kampong anggrek nyata lihat palang,positif,positif
Aan Abdul Rohman,setahun lalu,"Tempatnya masih enak banget
Wlwpn ga sampe ke puncak ke parkiran ini aja udh cukup …",84,tempat enak banget wlwpn sampe puncak parkir udh cukup,positif,positif
Sophian Whardana,2 tahun lalu,"Mantap , View Bagus Serasa Di Negeri Dongeng , Dunia Di Atas Awan , Sayang Untuk Naik Ke Atas Jalannya Cukup Curam , Jadi Akhirnya Foto Foto Di Sini Aja Sudah Sangat Puas",170,mantap view bagus serasa negeri dongeng dunia atas awan sayang naik atas jalan cukup curam akhir foto foto sini sangat puas,positif,positif
I Gede Agus Sastrawijaya,4 tahun lalu,"Gunung Kelud adalah sebuah gunung berapi di Provinsi Jawa Timur, Indonesia, yang tergolong aktif. Gunung ini berada di perbatasan antara Kabupaten Kediri, Kabupaten Blitar dan Kabupaten Malang.",193,buah rap provinsi jawa timur indonesia golong aktif ada batas kabupaten diri kabupaten blitar kabupaten malang,positif,positif
M. Arif Agus Sugiono,8 tahun lalu,Bagus sekali. Akses untuk kendaraan pribadi mudah. Untuk bis pariwisata juga ada mobil sutle untuk ke naik ke puncak. fasilitas dasar cukup memadai. Sepanjang jalan naik banyak disajikan pemandangan perkebunan nanas. Banyak spot yang bagus untuk berfoto ria. Tiket masuk tidak terlalu mahal. Rekomended,302,bagus akses kendara pribadi mudah bis pariwisata mobil sutle naik puncak fasilitas dasar cukup pada panjang jalan naik banyak saji pandang kebun nanas banyak spot bagus foto ria tiket masuk terlalu mahal rekomended,positif,negatif
Syeh Puji,Diedit setahun lalu,Memanjakan mata dgn datang ke gunung keled pemandagan yg indaah kala diam tapi ganas saat  batuk,96,manja mata dgn datang keled pemandagan indaah kala diam ganas batuk,positif,positif
Nur Fajri Nishfi Sya'baniyah,setahun lalu,Kalau gak mendung dan hujan BAGUS BANGETTTT pemandangannya...,61,mendung hujan bagus bangetttt pandang,positif,positif
Peter,7 tahun lalu,"Kelud crater is much like Ijen crater but to reach it need much greater efforts than Ijen. You need to prepare your physics and leg muscles because the road there is quite rocky and stiff. Much fewer tourists here compared to Ijen because of that, meaning that you can enjoy the scenery more privately.",302,crater is much like ijen crater but to reach it need much greater efforts than ijen you need to prepare your physics and leg muscles because the road there is quite rocky and stiff much fewer tourists here compared to ijen because of that meaning that you can enjoy the scenery more privately,positif,positif
jnnfrska,sebulan lalu,"belum ada pengalaman, pengen kesana tapi belum ada partnerr.
ngeliat ulasan maps, jd pengen ke Kelud",100,alam ken partnerr ngeliat ulas maps jd ken,positif,positif
Griselda Merrie,3 tahun lalu,"Mount Kelud is a small active volcano with a crater lake with the highest peak at 1.731 m asl. This mountain is often underrated due to less popularity than the other volcanoes in East Java, eventhough it has a very beautiful view and quite …",242,mount is a small active volcano with a crater lake with the highest peak at m asl this mountain is often underrated due to less popularity than the other volcanoes in east java eventhough it has a very beautiful view and quite,positif,positif
Dhani Rizquna Aldino,2 tahun lalu,"One of best place in kediri City ❤️
Untuk akses sekarang sudah sangat mudah untuk di akses, Good job buat pengelola 👍 …",119,one of best place in diri city akses sangat mudah akses good job buat kelola,positif,positif
Mona Fresh,8 bulan lalu,"Gunung kebanggaan masyarakat Kediri 😍 View nya indah sekali, udaranya juga sejuk cenderung dingin. Tapi untuk pendaki wajib hati-hati, banyak jalan berbatu kecil² , licin, rawan bikin tergelincir …",197,bangga masyarakat diri view indah udara sejuk cenderung dingin daki hatihati banyak jalan batu kecil licin rawan gelincir,positif,positif
rendy uciha,8 tahun lalu,Gunung Kelud merupakan salah satu gunung yang menjadi tujuan wisata para wisatawan lokal maupun wisatawan asing. Tempat ini menyajikan pemandangan yang sangat indah ditambah dengan atmosfer udara yang sangat sejuk yang bisa membuat para pengunjung betah berada disini.,268,rupa salah satu jadi tuju wisatawan lokal maupun wisatawan asing saji pandang sangat indah tambah atmosfer udara sangat sejuk buat unjung betah ada sini,positif,positif
Rofiana 7396,6 tahun lalu,Cukup melelahkan perjalanan sampai ke kawahnya... Tapi rasa lelah itu terbayar sudah dg keindahan pesona gunung kelud.. Sebenarnya ada sewa ojek... Tapi saya memilih jalan kaki saja karena g mau melewatkan Keindahan dan moment nya d sepanjang jalan... Kediri Lagi.. Kediri the best,281,cukup lelah jalan kawah rasa lelah bayar dg indah pesona benar sewa ojek pilih jalan g mau lewat indah moment d panjang jalan diri diri the best,positif,positif
Febriana Berta,3 tahun lalu,"jarak dari parkiran ke kawah ± 3km bisa diakses dengan naik ojek atau jalan kaki, diatas tidak ada toilet sempatkan mampir di area parkir kalo mau diatas lamalama, kalo mau jalan kaki ramerame bareng temen seru kalo beruntung ketemu monyet2 …",242,jarak parkir km akses naik ojek jalan atas toilet sempat mampir area parkir kalo mau atas lamalama kalo mau jalan ramerame bareng temen seru kalo untung ketemu monyet,positif,negatif
Anis Yulia,setahun lalu,rute jalur wisata buat kaum kaum yg mager mendaki,49,rute jalur buat kaum kaum mager daki,positif,positif
Omah Lawe,6 tahun lalu,"Gunung Kelud, adalah sebuah gunung berapi di Provinsi Jawa Timur, Indonesia, yang tergolong aktif. Gunung ini berada di perbatasan antara Kabupaten Kediri, Kabupaten Blitar, dan Kabupaten Malang, kira-kira 35 km sebelah timur pusat Kota Kediri dan 25 km sebelah utara pusat Kota Blitar.",286,buah rap provinsi jawa timur indonesia golong aktif ada batas kabupaten diri kabupaten blitar kabupaten malang kirakira km belah timur pusat kota diri km belah utara pusat kota blitar,positif,positif
Yusuf Budisantoso,4 tahun lalu,Gunung Kelud. Gunung berapi masih aktif di kabupaten Blitar. Jalur pendakian lewat Tulungrejo Wlingi sangat menantang. Tapi puas sampe kawah Kelud.,147,rap aktif kabupaten blitar jalur daki lewat tulungrejo wlingi sangat tantang puas sampe,positif,positif
Putra Andry,6 tahun lalu,"Puncak gunung kelud via Tulungrejo blitar ,ada beberapa petunjuk dan juga ada tali di tebing setelah melewati punggung naga,medan yang di lalui berupa pasir dan bebatuan,kalo cuaca bagus dapat spot foto bagus kalo jelek jalur bisanaya …",236,puncak via tulungrejo blitar beberapa tunjuk tali tebing lewat punggung nagamedan lalu upa pasir bebatuankalo cuaca bagus spot foto bagus kalo jelek jalur bisanaya,positif,positif
ayu islamiyati,setahun lalu,"Seger, bagus. Sayangnya g boleh mendekat ke kawah",49,seger bagus sayang g dekat,positif,positif
Kurang Kerjaan Bos,7 tahun lalu,"Sudah bisa naik sampai kawah lho. Tapi kendaraan pribadi tetep ditinggal di parkiran bawah. Untuk yang takut keringetan bisa naik ojek, tarifnya 40rb PP dari parkiran sampai kawah. Tapi kita jalan kaki, karena kita LAKI.",220,naik lho kendara pribadi tetep tinggal parkir bawah takut keringetan naik ojek tarif rb pp parkir jalan laki,negatif,negatif
Zulfikar Azaria,6 tahun lalu,"Berwisata ke gunung kelud ini memiliki keunikan tersendiri, dimana untuk sampai ke atas kita dapat menggunakan ojek yang harganya cukup terjangkau, usahakan datang saat langit cerah, karena medan yang dilalui didominasi tanah dan batu.",235,wisata milik uni sendiri atas guna ojek harga cukup jangkau usaha datang langit cerah medan lalu dominasi tanah batu,positif,positif
Hrd Ptr,4 tahun lalu,"Tempatnya adem, nyaman dan indah. Akses jalan kesini juga bagus dan nyaman. Fasiltas wisata cukup lengkap.",106,tempat adem nyaman indah akses jalan kesini bagus nyaman fasiltas cukup lengkap,positif,positif
Aris S,Diedit 7 tahun lalu,Destinasi wisata andalan Kabupaten Kediri. Gunung kelud adalah salah satu gunung berapi berstatus aktif yang tercatat meletus sebanyak 7 kali sepanjang abad ke 20. Gunung kelud meletus terakhir kali pada tahun 2014. Letusan terakhir tahun …,240,destinasi andal kabupaten diri salah satu rap status aktif catat letus banyak kali panjang abad letus akhir kali tahun letus akhir tahun,positif,positif
Riyanto Arbie [cak rye],8 tahun lalu,Gunung Kelud yang terletak di sebelah tenggara Kediri dan sebelah Timur Lautnya Blitar memiliki keindahan alam yang sejuk..,123,letak belah tenggara diri belah timur laut blitar milik indah alam sejuk,positif,positif
Dhian Puspita,7 tahun lalu,"Gunung kelud
Destiny wisata yang apik di kabupaten kediri
Sepanjang jalan ke gunung kelud kita disuguhkan dengan kuliner, sate bekicot …",136,destiny apik kabupaten diri panjang jalan suguh kuliner sate bekicot,positif,positif
lina edmy,Diedit 7 tahun lalu,"Pendakian gunung kelud via tulungrejo,  blitar ini cocok untuk pendaki pemula.",78,daki via tulungrejo blitar cocok daki mula,positif,positif
irwan supriadi,4 tahun lalu,Lokasi yg indah walau sdikit menakutkan krn terkenal sbg gunung berapi yg paling sering erupsi.,95,lokasi indah sdikit takut krn kenal sbg rap paling sering erupsi,positif,positif
Siti Sholikah,8 tahun lalu,"Kemarin minggu kesana, baguuus banget. Baru pertama kali kesana, jalanan aspal bagus, kiri kanan banyak banget pohon dan tanaman nanas, dingin udaranya, gunungnya bagus banget",175,kemarin minggu baguuus banget baru pertama kali jalan aspal bagus kiri kanan banyak banget pohon tanam nanas dingin udara gunung bagus banget,positif,positif
Ririn Wu,2 tahun lalu,Bayar tiket masuknya murah dan sudah ada ojek bagi temen temen yg malas jalan kaki ke kawahnya. Bayar 40k atau 50k ke bapak ojeknya sudah deh sampe.,148,bayar tiket masuk murah ojek temen temen malas jalan kawah bayar k k bapak ojek sampe,positif,negatif
Agus S,8 tahun lalu,Tempat wisata yg sangat bagus. Berada di pegunungan membuat udaranya sejuk dan bersih.,86,sangat bagus ada gunung buat udara sejuk bersih,positif,positif
astri putri,6 tahun lalu,"Rekomen bgt untuk yg suka wisata alam . Udaranya sejuk, pemandangannya bagus bangeeet .. Jalannya jg udah dibeton jadi lancar . Klo mau menuju ke kawahnya harus naik ojek, 50 ribu PP",182,rekomen bgt suka alam udara sejuk pandang bagus bangeeet jalan jg udah beton lancar klo mau tuju kawah naik ojek ribu pp,positif,positif
ER Art,Diedit 7 tahun lalu,Suasana gunung kelud ini pemandangannya sangat indah dan udaranya pun segar. Di foto itu ada sodara gw namanya syaddad .. siap hormatt 😂👍 …,139,suasana pandang sangat indah udara segar foto sodara gw nama syaddad siap hormatt,positif,positif
Khibranbagas Dwiasmoro,5 tahun lalu,"The amazing place to visit even once. Recommended for volcano addict. It have mesmerizing landscape such as cliff, valley, rocky peak, crater lake and also challenging track. …",176,the amazing place to visit even once recommended for volcano addict it have mesmerizing landscape such as cliff valley rocky peak crater lake and also challenging track,positif,positif
Hanik Fitri,4 tahun lalu,"Gak sempat foto terowongan dan gak sempat foto selfie, 😄 cuma foto kawah aja..
Sekarang kawah nya bagus, warna nya biru, tp sayang kalo mau menuju ke kawah harus pakai jasa ojek yg harga nya cukup lumayan. Kalo gak mau ngojek bisa jalan kaki, tapi capek laahh.. Jalan kurleb jalan 3-5 km 😌 …",291,sempat foto terowongan sempat foto selfie cuma foto bagus warna biru tp sayang kalo mau tuju pakai jasa ojek harga cukup lumayan kalo mau ngojek jalan capek laahh jalan kurleb jalan km,positif,negatif
Ega Agustina Cahyani,7 tahun lalu,"Harga tiket masuk lumayan murah yaitu 10.000 ketika weekend ditambah biaya parkir motor 2.000 dan biaya masuk kendaraan yaitu sepeda motor 1000. Untuk tujuan wisata keluarga maupun wisata rombongan,  menurutku masih belum worth it karena …",239,harga tiket masuk lumayan murah weekend tambah biaya parkir motor biaya masuk kendara sepeda motor tuju keluarga maupun rombong turut worth it,positif,positif
fabyan adriansyah F12-2,2 tahun lalu,"wajib dikunjungi. pemandangan bagus, dari parkiran sepeda motor bisa langsung jalan kaki menuju kawahnya atau bisa naik ojek dengan harga 30rb sudah sampai di kawahnya.",168,kunjung pandang bagus parkir sepeda motor langsung jalan tuju kawah naik ojek harga rb kawah,positif,positif
Af Amn,Diedit 4 tahun lalu,"Kalau dari kampus Inggris pare,  sewa motor 50rb/3 jam...  Pergi lah rame-rame biar ada yang fotoin kamu...  Pemandangannya bagus...  tapi waktu aku pergi, cuaca sedang kabut tebal...  jadi tidak ada pemandangan....  yang ada hanya …",233,kampus inggris pare sewa motor rb jam pergi ramerame biar fotoin pandang bagus waktu pergi cuaca sedang kabut tebal pandang,positif,positif
reni Puji,7 tahun lalu,"Anugerah Tuhan yang sangat indahhh...
Harga tiket masuk 19k(2org dewasa+motor)
Lumayan mahal, tp disuguhkan pemandangan indah jadi gk menyesal..",144,anugerah tuhan sangat indahhh harga tiket masuk korg dewasamotor lumayan mahal tp suguh pandang indah gk sesal,positif,positif
Iftinan S,7 tahun lalu,"Gunung Kelud dalam bahasa Belanda disebut Klut, Cloot, Kloet, atau Kloete) adalah sebuah gunung berapi di Provinsi Jawa Timur, Indonesia, yang tergolong aktif. Gunung ini berada di perbatasan antara Kabupaten Kediri, Kabupaten Blitar, dan Kabupaten Malang , kira-kira 27 km sebelah timur pusat Kota Kediri",305,bahasa belanda sebut klut cloot kloet kloete buah rap provinsi jawa timur indonesia golong aktif ada batas kabupaten diri kabupaten blitar kabupaten malang kirakira km belah timur pusat kota diri,positif,positif
Alvian Kyosan Denki,7 tahun lalu,"Rekreasi untuk kluarga....dengan pesona alam yg indah...sejuk ....segar....
Sangat sehat bila jalan kaki menuju kawah kelud☺",124,rekreasi kluargadengan pesona alam indahsejuk segar sangat sehat bila jalan tuju kelud,positif,positif
Auldrien Ayu,2 tahun lalu,Kunjungan saya ke Gunung Kelud sudah cukup lama namun baru ingin menulis sedikit ulasan. Pemandangan di sini sangat indah dan bisa diakses dengan naik ojek pada saat itu.,170,kunjung cukup lama baru tulis sedikit ulas pandang sini sangat indah akses naik ojek,positif,positif
rillo ahmad,6 tahun lalu,"Gunung Kelud di Kediri, Jawa Timur meletus sekitar pukul 22.50 WIB kemarin. Ribuan warga Kediri dan sekitarnya pun diungsikan demi menghindari hal-hal yang tak diinginkan. Gunung ini terakhir meletus pada tahun 2007 lalu. …",223,diri jawa timur letus pukul wib kemarin ribu warga diri sekitar ungsi hindar halhal ingin akhir letus tahun lalu,positif,positif
chekly 49,6 tahun lalu,"Gersang dan panas kesan awal datang, untuk mencapai puncak bisa naik ojek dengan biaya 40 s.d 50 rb , start dari parkiran mobil pribadi (kecil). Jika datang bersama rombongan naik bis cuma sampai di tugu awal, dari situ ada angkutan yang …",239,gersang panas kesan awal datang capai puncak naik ojek biaya sd rb start parkir mobil pribadi kecil datang sama rombong naik bis cuma tugu awal situ angkut,negatif,negatif
imjo 9874,6 tahun lalu,"Bagi anda traveller yang berada di Jawa Timur, rasanya masih kurang jika tidak mengunjungi wana wisata yang satu ini. Yups ! Gunung Kelud. Gunung berapi aktif yang berada di kawasan Perbatasan Kediri - Blitar ini bisa dijadikan list dalam …",240,traveller ada jawa timur rasa kurang unjung wana satu yups rap aktif ada kawasan batas diri blitar jadi list,negatif,negatif
Handoyo Handoyo,6 tahun lalu,Tempat wisata yg menyenangkan dan rute goes yg penuh tantangan...butuh perjuangan utk mencapainya,97,senang rute goes penuh tantanganbutuh juang utk capa,positif,positif
ddwip story,3 tahun lalu,Agar tidak salah jalan saat gunakan maps sebaiknya gunakan pilihan mobil agar diberi arahan jalan besar (bukan jalan potong diperkampungan) dan coba tujuan destinasi di ketik gerbang kawasan wisata gunung kelud,210,salah jalan guna maps baik guna pilih mobil beri arah jalan besar bukan jalan potong kampung coba tuju destinasi ketik gerbang kawasan,positif,positif
Ietha Noerleea,2 tahun lalu,"Pemandangan bagus, ke puncak bisa naik ojek atau jalan kaki tergantung kemampuan tp pemandangan di post 1 jg bagus kok",118,pandang bagus puncak naik ojek jalan gantung mampu tp pandang post jg bagus,positif,positif
mas joko tresno,6 tahun lalu,"Tak lengkap rasanya kalau berwisata ke Kediri tanpa mampir ke gunung Kelud ini,
Akses lokasi nya yg mudah di jangkau dgn semua kendaraan,",137,lengkap rasa wisata diri mampir akses lokasi mudah jangkau dgn semua kendara,positif,positif
Aprilia dwi Anggraini,6 tahun lalu,"Deket dari rumah....🙈 Kapan aja bisa kesini wkwkw..
Apalagi kalau datangnya pagi2 ndak bayar tiket masuk wkwkw …",112,deket rumah kapan kesini wkwkw datang pagi ndak bayar tiket masuk wkwkw,positif,positif
Asrul Najib,Diedit 8 tahun lalu,"Keindahan Gunung kelud 1.731 mdpl ini nggk kalah indahnya dngn gunung di atas 3000 mdpl lain nya..
Buat pendaki pemula gk prlu khawatir krna pengelola/warga skitar sngat ramah …",177,indah mdpl nggk kalah indah dngn atas mdpl buat daki mula gk prlu khawatir krna pengelolawarga skitar sngat ramah,positif,positif
Nayylaputriamaliaa12,2 bulan lalu,gemass bnget ini mahh‼️😍 …,26,gemass bnget mahh,positif,positif
Rahmad venture,6 tahun lalu,"Sayang sekali kesana pas musim hujan,jadi pemandangan tertutup mendung,,,saran buat pengelola tolong sediakan toilet umum dan tempat peristirahatan sepanjang perjalanan 3km terakhir menuju kawah gunung kelud",207,sayang pas musim hujanjadi pandang tutup mendungsaran buat kelola sedia toilet umum istirahat panjang jalan km akhir tuju,positif,negatif
Handoko Tony,7 tahun lalu,"Gunung Kelud sangat recomended buat pendaki yang suka track extreem .Tentunya lewat jalur pendakian via Blitar Gandusari .Dengan waktu tempuh dari pos pendakian 1/pendaftaran sekitar 3-4 jam,tergantung fisik dan cuaca .Tiket masuk pun juga …",241,sangat recomended buat daki suka track extreem tentu lewat jalur daki via blitar gandusari waktu tempuh pos daki daftar jamtergantung fisik cuaca tiket masuk,positif,positif
Anita Gunawan,7 tahun lalu,"Saran saya kalo kesini enakan naik motor...karena kalo naik mobil, kalian pasti diturunin dipemberhentian terakhir dan disuruh nyewa motor...sebenarnya disini ga ada apa²nya...cuma saya suka pemandangannya yg indah dan perjuangan yg cukup …",240,saran kalo kesini enak naik motorkarena kalo naik mobil kalian diturunin henti akhir suruh nyewa motorsebenarnya sini apa nyacuma suka pandang indah juang cukup,positif,positif
avrilina rahmawati,4 tahun lalu,"Jalur menuju lokasi bagus dan terurus, namun sewaktu diatas dekat kawah tidak ada toilet. Tolong diberi toilet di bagian dekat kawahnya, menurut pegawai disitu roilet adanya di parkiran mobil dan itu jauh bgt kalo  posisi sudah diatas",234,jalur tuju lokasi bagus urus waktu atas dekat toilet beri toilet bagi dekat kawah pegawai situ roilet ada parkir mobil jauh bgt kalo posisi atas,positif,positif
Emmats' Sai,Diedit setahun lalu,Gunung Kelud emang bagus buat para pecinta gunung walaupun jalannya udah di cor,79,emang bagus buat cinta walaupun jalan udah cor,positif,positif
Baguss ADVENTURE,7 tahun lalu,"Sebuah keindahan karya tuhan yg terletak di kab. kediri jawa timur ini sungguh indah dan memanjakan mata, hamparan gunung yg di slimuti semak-semak hijau sangatlah mempesona.",174,buah indah karya tuhan letak kab diri jawa timur sungguh indah manja mata hampar slimuti semaksemak hijau sangat pesona,positif,positif
Yusri Marliana,3 tahun lalu,"Sudah 2x kesini, makin lama makin bagus tempatnya. Kalau mau jalan kaki ke kawah emang lumayan, tapi ada ojek kok.",114,x kesini makin lama makin bagus tempat mau jalan emang lumayan ojek,positif,positif
eleanor zen,7 tahun lalu,"Gak pernah bosen yang kesini. Dah 3x ini saben ke kediri mampir kesini. View na keren, makanan yg di taman agro margomulyo nya murah n enak.",140,pernah bosen kesini dah x saben diri mampir kesini view na keren makan taman agro margomulyo murah n enak,positif,positif
dimas rachmat,7 tahun lalu,"Gunung Kelud (sering disalahtuliskan menjadi Kelut dalam bahasa Jawa; dalam bahasa Belanda disebut Klut, Cloot, Kloet, atau Kloete) adalah sebuah gunung berapi  di Provinsi Jawa Timur, Indonesia, yang tergolong aktif. Gunung ini berada di …",240,sering disalahtuliskan jadi kelut bahasa jawa bahasa belanda sebut klut cloot kloet kloete buah rap provinsi jawa timur indonesia golong aktif ada,positif,positif
Ayuanita Petrisia,4 tahun lalu,"* letak strategis, jalan nya mudah aspal alus sampai parkiran atas
* masuk loket bayar karcis masuk kawasan wisata @10.000
* menerapkan prokes dimasa pandemi …",159,letak strategis jalan mudah aspal alus parkir atas masuk loket bayar karcis masuk kawasan terap prokes masa pandemi,positif,positif
Ayu Danayu,5 tahun lalu,"Tempat rekreasi yg sangat sejuk...namun penuh tantangan, karena untuk menuju kawah harus jalan kaki jauh atau naik ojek yg lumayan memacu adrenalin, krn jalan yg masih berliku-liku dan penuh kerikil....senoga segera di perbarui.Yang pasri pemandangan yg sangat indah dengan udara yg segar...",291,rekreasi sangat sejuknamun penuh tantang tuju jalan jauh naik ojek lumayan pacu adrenalin krn jalan berlikuliku penuh kerikilsenoga segera perbaruiyang pasri pandang sangat indah udara segar,positif,positif
saifudin zukhri,4 tahun lalu,"Salah satu gunung aktif di Jawa Timur
Kurang lebih satu jam dari Kota Kediri
Pemandangannya lumayan …",101,salah satu aktif jawa timur kurang lebih satu jam kota diri pandang lumayan,negatif,negatif
Hobi Apa saja,2 tahun lalu,Salah satu destinasi wisata alam Kediri yang wajib di kunjungi..,64,salah satu destinasi alam diri kunjung,positif,positif
Dilanggar 12,sebulan lalu,Rekomendasi paling cocok dan terjamin kwalitas nya,50,rekomendasi paling cocok jamin kwalitas,positif,positif
Dee Moji,setahun lalu,"Tempatnya masih bagus, disini hanya ada kawah dan beberapa tebing. Jalanannya juga masih aman buat dilewati. …",110,tempat bagus sini beberapa tebing jalan aman buat lewat,positif,positif
Justang Fariel,3 tahun lalu,"Bagus banget, subuh2 ke sini jadi bisa lihat sunrise, udara sejuk dan asri.",75,bagus banget subuh sini lihat sunrise udara sejuk asri,positif,positif
ika trisna,setahun lalu,Sangat cocok sekali untuk pemula tektokan 🤣 …,45,sangat cocok mula tektokan,positif,positif
christine arieska,7 tahun lalu,Gunung Kelud ini bisa jadi rujukan wisata di Blitar buat yang sudah lama dan agak jenuh hidup di kota besar yang banyak gedung tinggi. …,136,rujuk blitar buat lama jenuh hidup kota besar banyak gedung tinggi,negatif,positif
Diah Arwaningsih,7 tahun lalu,"Bagus, tanjankannya curam jadi harus hati hati. Lebih baik berkendara pribadi atau sewa.",88,bagus tanjankannya curam hati hati lebih baik kendara pribadi sewa,positif,positif
Khoirul Rahman,7 tahun lalu,Tempatnya bagus. Tapi sayang kalo mau ke kawah harus sewa ojek. Kalau ga jalan jauh banget,90,tempat bagus sayang kalo mau sewa ojek jalan jauh banget,positif,positif
Indah Csoff,4 tahun lalu,"Panorama yg menakjubkan..
Tiket murah. 10K utk weekend, 8K utk weekday.  Mobil cm bisa sampai di area parkir. Utk mencapai lokasi lahar dan gunung sumbing bs dicapai dgn jalan kaki yg …",185,panorama takjub tiket murah k utk weekend k utk weekday mobil cm area parkir utk capai lokasi lahar sumbing bs capai dgn jalan,positif,positif
Galih Mahardhika,Diedit 7 tahun lalu,"Wisata yang menarik namun dalam tahap renovasi setelah erupsi, untuk bepergian kesana disarankan kendaraan dlm kondisi prima baik mobil dan sepedah montor, karena jalan menuju dan pulang membutuhkan skill dan pengereman yang pas, (khusus …",239,tarik tahap renovasi erupsi pergi saran kendara dlm kondisi prima baik mobil dah montor jalan tuju pulang butuh skill rem pas khusus,positif,positif
M Brilliant F,4 tahun lalu,"Gunung Kelud, dalam aksara jawa ꦒꦸꦤꦸꦁꦏꦼꦭꦸꦠ꧀ (sering disalahtuliskan menjadi Kelut dalam bahasa Jawa; dalam bahasa Belanda disebut Klut, Cloot, Kloet, atau Kloete) adalah sebuah gunung berapi di Provinsi Jawa Timur, Indonesia, yang tergolong …",242,aksara jawa sering disalahtuliskan jadi kelut bahasa jawa bahasa belanda sebut klut cloot kloet kloete buah rap provinsi jawa timur indonesia golong,positif,positif
Zahrah Nida,7 tahun lalu,"Berangkat dari Malang jam 7 pagi dengan cuaca cerah. Alhamdulillah sampai di daerah Kediri cuacanya panas banget bikin pusing. Tapi semakin mendekati Kelud, awan semakin tebal. Padahal belum jam 12, nyatanya kabut sudah turun dan menginvasi …",242,berangkat malang jam pagi cuaca cerah alhamdulillah daerah diri cuaca panas banget pusing makin dekat awan makin tebal padahal jam nyata kabut turun invasi,negatif,negatif
ajis blee,8 tahun lalu,"Tempatnya bagus,  fasilitas penunjang seperti toilet    jga sudah tersedia, untuk pengendara roda 4 Harus parkir soalnya  jalur yg k atas belum memadai untuk dilalui",165,tempat bagus fasilitas tunjang toilet jga sedia kendara roda parkir soal jalur k atas pada lalu,positif,positif
salyarto salyartto,setahun lalu,"Pemandangan bagus, ngga terlalu jauh dr kota kediri,,danaunya udah hilang waktu letusan besar terakhir,,mbl ngga bisa ke puncak kawah, hrs naik ojek (banyak n harga udah pass standard ,ga perlu tawar2 harga)",207,pandang bagus ngga terlalu jauh dr kota kediridanaunya udah hilang waktu letus besar terakhirmbl ngga puncak hrs naik ojek banyak n harga udah pass standard perlu tawar harga,positif,negatif
Lina Safitri,2 tahun lalu,"viewnya Subhanallah,
kalau ke kediri jangan sampai lewatkan 💚 …",63,viewnya subhanallah diri jangan lewat,positif,positif
Nadila Dwi Hartanti,8 tahun lalu,"Perjalan menuju ke sana paling seru,apalagi kalau naik sepedah motor.jalannya bagus sudah aspal semua.di bahu jalan banyak tumbuhan nanas.dulu sih kesini waktu habis meletus,jadi cuma bisa sampai radius 3km dari puncak.banyak spot foto.",236,jalan tuju sana paling seruapalagi naik dah motorjalannya bagus aspal semuadi bahu jalan banyak tumbuh nanasdulu kesini waktu habis meletusjadi cuma radius km puncakbanyak spot foto,positif,positif
Fitria Dyh,2 tahun lalu,"pemandangan bagus bgt, sejuk dan asri tersedia ojek juga😗💗💗 …",61,pandang bagus bgt sejuk asri sedia ojek juga,positif,positif
Tri Wahyuningsih,9 tahun lalu,Kurang suka.. karena waktu kesana lewat kediri dan ternyata tdak boleh mendekati kawah.. pdhal keindahan utamanya berada di kawahnya.. tetapi lain dripda itu sepanjang jalan ktika traking ke puncak kita di suguhi pemandangan yg menghijau …,239,kurang suka waktu lewat diri nyata tdak dekat pdhal indah utama ada kawah dripda panjang jalan ktika traking puncak suguh pandang hijau,positif,positif
Hammamnash,6 tahun lalu,"Keren, saya sarankan berangkat siang karena cahaya akan lebih bagus saat sore hari disana",89,keren saran berangkat siang cahaya lebih bagus sore hari sana,positif,positif
Rian Technician,9 bulan lalu,"Sy dulu kesna tahun 2005 pd saat itu gunung Kelud masih Kab. Blitar. Ntah knpa sekarang kok jadi masuk Kab. Kediri
Dan dulu bisa turun langsung di kawah Gn. Kelud,. …",166,sy dulu kesna tahun pd kab blitar ntah knpa masuk kab diri dulu turun langsung gn,positif,positif
Tulus R.A,6 tahun lalu,"tempatnya bagus, anda bisa ke kawah dengan ojek tarif 50k pp , bisa juga rombongan lo harga lebih murah kalau rombongan",119,tempat bagus ojek tarif k pp rombong lo harga lebih murah rombong,positif,positif
Maulina Assarah,6 tahun lalu,so happy! meskipun jarak tempuh yang sangat jauh tp nggak akan nyesel karena disuguhkan dengan hamparan pohon pohonn yang bikin mata seger hehe,143,so happy meski jarak tempuh sangat jauh tp nyesel suguh hampar pohon pohonn mata seger hehe,negatif,negatif
ferry prazt,6 tahun lalu,"Pemandangan yg sangat indah, selalu pas mendung dan gerimis pas kesini",70,pandang sangat indah selalu pas mendung gerimis pas kesini,positif,positif
Irfan Wahyudi,6 tahun lalu,"Untuk menuju ke sini jalanan sudah di aspal, dan bagusnya semua tarif diseragamkan dan dipasang tulisan sehingga tidak membuat pengunjung menjadi ragu karena khawatir harga yg tdk sewajarnya",190,tuju sini jalan aspal bagus semua tarif seragam pasang tulis buat unjung jadi ragu khawatir harga wajar,positif,positif
Reyhanmulky M,7 tahun lalu,Due to kelud's eruption on 2014 kelud still on renovation until now. Only few people could reach the kawah. But still they got great scenery.,141,due to keluds eruption on still on renovation until now only few people could reach the but still they got great scenery,positif,positif
Bu Yayuk .E,setahun lalu,"Pengalaman seru ke kawah naik ojek, seremserem sedaap",53,alam seru naik ojek seremserem sedaap,positif,positif
Lemon Influence,Diedit 3 tahun lalu,Sejuk banget rekomen buat wisata tapi sayangnya buat naik ke atas harus pakai ojek hehe tapi mantep banget si 👍 untuk hari biasa 8 ribu kalau hari libur 10 rb ojeknya 30 rb PP (cmn sedikit info buat yg belum tau) 🙏👏 …,217,sejuk banget rekomen buat sayang buat naik atas pakai ojek hehe mantep banget si hari biasa ribu hari libur rb ojek rb pp cmn sedikit info buat tau,positif,negatif
ian pujirianto,Diedit 4 tahun lalu,"Ojek Dari Parkir Motor Sampai Atas 50 Ribu Per Orang PP. Sebaiknya Disediakan Tempat Sampah Karna Sampah Mulai Berceceran, Teman"" Saya Malah Bakti Sosial Mungutin Sampah Pas Nyampe Atas 😁 …",189,ojek parkir motor atas ribu per orang pp baik sedia sampah karna sampah mulai cecer teman malah bakti sosial mungutin sampah pas nyampe atas,positif,positif
Klepon Abang,8 tahun lalu,"A very beautiful view even after erupting. Kelud has its charismatic mount. It is a big, calm, and give us the giod atmosphere of nature living. Before Kelud, you may find another tourist attraction. Be sure you come to Kelud before 5 pm.",238,a very beautiful view even after erupting has its charismatic mount it is a big calm and give us the giod atmosphere of nature living before you may find another tourist attraction be sure you come to before pm,positif,positif
tomi setiawan,8 tahun lalu,"gunung kelud saat ini semakin dieksplor oleh penikmat fotografi, jalanan ke arah gunung kelud sangat baik sehingga diperjalan tidak terasa jauh. jangan datang dimusim hujan soalnya hujan disana sangat sangat ekstrim.",216,makin dieksplor nikmat fotografi jalan arah sangat baik jalan asa jauh jangan datang musim hujan soal hujan sana sangat sangat ekstrim,positif,positif
Lala Chan4,7 tahun lalu,"Viewnya good, dan amazing.
Tidak seramai wisata pendakian gunung yang lain, contoh bromo atau ijen, tapi oke juga kog medannya. …",129,viewnya good amazing serama daki contoh bromo ijen oke kog medan,positif,positif
Elkana,2 tahun lalu,"It's one of Kediri destination place that worth your time and money. Visited when the Eid al Fitr holiday and it wasn't as crowded as usual. The people are helpful for tourist. If you want to visit the caldera, I suggest you to booked the …",240,its one of diri destination place that worth your time and money visited when the eid al fitr holiday and it wasnt as crowded as usual the people are helpful for tourist if you want to visit the caldera i suggest you to booked the,positif,positif
mashenroe,Diedit 7 tahun lalu,"Gunung Kelud secara geografi terletak di perbatasan Kediri-Blitar adalah salah satu gunung berapi yang masih aktif di Jawa Timur. Gunung Kelud bisa di akses dari 2 jalur, yaitu via jalan aspal di Sugihwaras, Ngancar, Kediri dan via …",233,geografi letak batas kediriblitar salah satu rap aktif jawa timur akses jalur via jalan aspal sugihwaras ngancar diri via,positif,positif
PawonArt,7 tahun lalu,Sekali kesana..penasaran merasakan fenomena di titik nol..selain melihat  pncak g Kelud.. Sippp mantabbbb 👍 …,109,kesanapenasaran rasa fenomena titik nolselain lihat pncak g sippp mantabbbb,positif,positif
Rofian Qoyum Haq,4 bulan lalu,Our memories stay forever,25,our memories stay forever,positif,positif
abadi sejahtera coating,3 tahun lalu,Siang hari diatas jam 2 merupakan waktu terbaik untuk berkunjung ke tempat ini.,79,siang hari atas jam rupa waktu baik kunjung,positif,positif
Johan Nur Cahyo (Johan),7 tahun lalu,"Belum ada landmark untuk lokasi ini pasca letusan terakhir, dan tak seindah sebelum letusan dulu.",97,landmark lokasi pasca letus akhir indah letus dulu,positif,positif
choiruel blitar,8 tahun lalu,"Wisata alam yang sejuk, pas aku kesana nyampek puncak hujann",60,alam sejuk pas nyampek puncak hujann,positif,positif
Sandy 94,2 tahun lalu,"Gunung yg meninggalkan kawah bekas letusan, sangat sejuk & cocok buat liburan keluarga",86,tinggal bekas letus sangat sejuk cocok buat libur keluarga,positif,positif
WP 007,setahun lalu,Salah satu gunung yang indah di jawatimur dan langsung sampai kawahnya,70,salah satu indah jawatimur langsung kawah,positif,positif
Mar Ni,8 tahun lalu,"Pemandangan yg sangat mengesankan
Dr perjalanan sampe ke puncak indaaaaaaaahh bangeettttz 😍 …",93,pandang sangat kesan dr jalan sampe puncak indaaaaaaaahh bangeettttz,positif,positif
boss jeruk,8 tahun lalu,Rasa lelah bersepedah terbayar sudah sampai di puncak gunung kelud yang indah dan sejuk,87,rasa lelah dah bayar puncak indah sejuk,positif,positif
jati ganda,6 tahun lalu,"Tempat nya bagus, indah ...
Saran saya kalo kesana bawa minum n makanan karena di sana gak ada yang jualan makanan n minuman ... …",130,bagus indah saran kalo bawa minum n makan sana jual makan n minum,positif,positif
Batik Madrim,8 tahun lalu,"Pemandangannya bagus, mudah dijangkau baik sepeda maupun mobil.",63,pandang bagus mudah jangkau baik sepeda maupun mobil,positif,positif
Michael W,7 tahun lalu,"Gunu g kelud bagus untuk foto"" dengan view pegunungan. Sayang waktu sunrise tidak terlihat karna ketutupan gunung",113,gunu g bagus foto view gunung sayang waktu sunrise lihat karna tutup,positif,positif
ratno pebrianto (rpebrianto),7 tahun lalu,Syang ga bisa sampe puncak karena masih ditutup,47,syang sampe puncak tutup,positif,positif
Boy Donald P S,8 tahun lalu,"Bagus, Indah banget
Cuma memang harus berjalan sekitar 30 menit untuk dapat view dari atas
Fasilitas oke memadai cuma jalan banyak yg berlubang, saya harap pemerintah sekitar segera memperbaiki agar bisa dinikmati",213,bagus indah banget cuma memang jalan menit view atas fasilitas oke pada cuma jalan banyak lubang harap perintah segera baik nikmat,positif,positif
Aisa,4 tahun lalu,"Sampai ditempat jam 07.15 belum buka, maklum mungkin krn hari senin.
Kesana naik tiger, dan kami ngojek juga motor tiger🤣🤣
Tapi kata paksu, ambil positifnya ajaa krn mereka sdh paham dg medannya👍🏻
Jadi ini masuk kediri atau blitar? …",233,tempat jam buka maklum mungkin krn hari senin naik tiger ngojek motor tiger kata paksu ambil positif ajaa krn sdh paham dg medan masuk diri blitar,positif,negatif
Oka Aldi Antara,Diedit 4 tahun lalu,"Seandainya pas nyampek kawah ada penjual minuman,yang habis jalan kaki darii bawah kaya saya tanpa naik ojek cuma bawa 1 botol air minum untuk 4 orang ternyata kurang.",167,anda pas nyampek jual minumanyang habis jalan dari bawah kaya naik ojek cuma bawa botol air minum orang nyata kurang,negatif,negatif
Kurt Sinyo,setahun lalu,"Ongkos ojek 30 Ribu PP, 28 Juli 2024",36,ongkos ojek ribu pp juli,positif,positif
Akpar Sby,6 bulan lalu,"Pemandangan alam bagus,jalan lumayan bagus",42,pandang alam bagusjalan lumayan bagus,positif,positif
Rizko Argi Budiaji,7 tahun lalu,"wonderful place in Blitar district , you should to go there because you can feel relax like in Havana. Also you can find anything cheapest fruits, such as pineapple and soursop.",177,wonderful place in blitar district you should to go there because you can feel relax like in havana also you can find anything cheapest fruits such as pineapple and soursop,positif,positif
PAIJO PAIJ0,11 bulan lalu,Wisata alam selalu punya cerita,31,alam selalu punya cerita,positif,positif
Ajeng Aje,3 tahun lalu,"Kelud is one of the most active volcanoes is Indonesia. This Mountain located in Kediri. You must pay Rp8000 on weekdays and Rp10.000 on weekend. View on the mountain is very amazing. There is crater of the mountain. If you wanna see, You …",240,is one of the most active volcanoes is indonesia this mountain located in diri you must pay rp on weekdays and rp on weekend view on the mountain is very amazing there is crater of the mountain if you wanna see you,positif,positif
shelfin bima,7 tahun lalu,"Jika ingin ke gunung kelud ,sekarang sudah bisa sampai ke kawah dengan cara berjalan kaki (lumayan cukup jauh) atau menyewa ojek seharga 25 rb .",144,cara jalan lumayan cukup jauh sewa ojek harga rb,negatif,negatif
Yanet Adi Surya,8 tahun lalu,"tempat yang baik untuk berwisata, jangan lupa untuk selalu membuang sampah pada tempatnya",89,baik wisata jangan lupa selalu buang sampah tempat,positif,positif
Dharmadji Dharmadji,8 tahun lalu,"Banyak distinasi wisata disekitar gn.kelud antara lain kampung anggrek, kampung nanas dan gn. Kelud sendiri, jadi sekali jalan banyak tujuan yang dilihat.",154,banyak distinasi sekitar gnkelud kampung anggrek kampung nanas gn sendiri jalan banyak tuju lihat,positif,positif
ziana,3 tahun lalu,"Kesana tgl 26 Juli ga terlalu rame. Tiket masuk 18k 1 motor 2 orang, ojek 30k PP dari parkiran.",95,tgl juli terlalu rame tiket masuk k motor orang ojek k pp parkir,positif,negatif
juni joyodiningrat,6 tahun lalu,tempat wisata alam di jawatimur tiada hentinya memberikan keindahan yg sangat luar biasa yakni gunung Kelud,107,alam jawatimur tiada henti beri indah sangat luar biasa,positif,positif
nusa wan,setahun lalu,"Uaneh masak naik ke kawah Kelud wajib ojek/jalankaki, sedangkan mau ngojek sepeda motornya cc nya dan keadaannya bagusan sepedah saya. 🥲
Lucu tp terlanjur jauh² datang ke situ …",177,uaneh masak naik ojekjalankaki mau ngojek sepeda motor cc ada bagus dah lucu tp lanjur jauh datang situ,positif,positif
AKH EKA,6 tahun lalu,Tempatnya bagus dan cukup sejuk... cocok buat berfoto ria..,59,tempat bagus cukup sejuk cocok buat foto ria,positif,positif
Ilham Mufid,3 tahun lalu,Tempat yang harus dikunjungi kalau mampir ke wilayah kabupaten kediri,69,kunjung mampir wilayah kabupaten diri,positif,positif
Pipit Samsiyah,8 tahun lalu,"Tempatnya bagus bgt, sejuk, cocok buat prewedding😊 …",52,tempat bagus bgt sejuk cocok buat prewedding,positif,positif
Awan 6665,6 tahun lalu,"Gunung Kelud, dalam aksara jawa (sering disalahtuliskan menjadi Kelut dalambahasa Jawa; dalam bahasa Belanda disebutKlut, Cloot, Kloet, atau Kloete) adalah sebuahgunung berapi di Provinsi Jawa Timur, Indonesia, yang tergolong aktif. Gunung …",241,aksara jawa sering disalahtuliskan jadi kelut dalambahasa jawa bahasa belanda disebutklut cloot kloet kloete sebuahgunung rap provinsi jawa timur indonesia golong aktif,positif,positif
christine cammelia,9 bulan lalu,Keren bangetttttt sukaaaaaa sekaliiii,37,keren bangetttttt sukaaaaaa sekaliiii,positif,positif
Masna Naila Adibah,8 tahun lalu,"Viewnya bagus, tapi untuk menuju kawah via Kediri masih dalam proses pembangunan akses jalan (Agustus, 2017)",108,viewnya bagus tuju via diri proses bangun akses jalan agustus,positif,positif
Masyudi Yudi,6 bulan lalu,Pemandanganya indah..sejuk...bikin pikiran tenang...,52,pemandanganya indahsejukbikin pikir tenang,positif,positif
Hadi Mulyono,7 tahun lalu,Tempatnya keren...waLau jaLannya menanjk hampir 45derajat...ga kapok maen kesini Lagi😉😉😉 …,90,tempat kerenwalau jalan menanjk hampir derajatga kapok maen kesini lagi,positif,positif
yoyong rifqi,6 tahun lalu,Setelah meletus yg trakhir....kini g.kelud mulai di bangun kmbali...dan mulai ramai dikunjungi wisatawan.,105,letus trakhirkini gkelud mulai bangun kmbalidan mulai ramai kunjung wisatawan,positif,positif
arie joo,4 tahun lalu,"bagus bnget, sejuk....
tantangan bagi goweser",45,bagus bnget sejuk tantang goweser,positif,positif
Muhammad Jecky,6 bulan lalu,wahh bagus banget ada satwa liar tapi seru dikejarnya Kwkw,58,wahh bagus banget satwa liar seru kejar kwkw,positif,positif
Dinda Fajar,3 tahun lalu,Asik banget main kesini.. Bagus banget juga.. Tiketnya juga murah cumaa 9ribu.. Ada toilet nya juga di area parkir mobil.. Ada ojek di area parkir mobil 40rb pp.. Kalau fisik oke gapapa gasken aja jalan.. Tapi kalau nggak pernah olahraga …,239,asik banget main kesini bagus banget tiket murah cumaa ribu toilet area parkir mobil ojek area parkir mobil rb pp fisik oke gapapa gasken jalan pernah olahraga,positif,positif
Yefa Tan,6 tahun lalu,Salah satu wisata kebanggaan warga setempat.. Wisata yang lagi berbenah pasca erupsi,84,salah satu bangga warga tempat benah pasca erupsi,positif,positif
Tour Banyuwangi,7 tahun lalu,"Gunung Kelud, dalam aksara jawa ꦒꦸꦤꦸꦁꦏꦼꦭꦸꦠ꧀ (sering disalahtuliskan menjadi Kelut dalam bahasa Jawa; dalam bahasa Belanda disebut Klut, Cloot, Kloet, atau Kloete) adalah sebuah gunung berapi di Provinsi Jawa Timur, Indonesia, yang tergolong …",242,aksara jawa sering disalahtuliskan jadi kelut bahasa jawa bahasa belanda sebut klut cloot kloet kloete buah rap provinsi jawa timur indonesia golong,positif,positif
Leon Debora,setahun lalu,Sangat cantik dan rekomendasi wajib datang ke gunung kelud 👍👍 …,63,sangat cantik rekomendasi datang,positif,positif
Apotek Nur jannah,3 tahun lalu,"Tempatnya sangat instagramable...
Tiket masuk 10k kalau mau ke kawah naek ojek bayar 50k PP",91,tempat sangat instagramable tiket masuk k mau naek ojek bayar k pp,positif,positif
salma sekar dewi,7 tahun lalu,"Bagus pemandangannyaa. Sejuk banget. Tapi ga ada sinyal sama sekali dr telkomsel, xl, three, dll",96,bagus pemandangannyaa sejuk banget sinyal sama dr telkomsel xl three,positif,positif
Riki Kun,7 tahun lalu,"Hawanya sejuk...  Ion negativ banyak..

Tempat nya Bagus...  Sayang nya jalan ada yg berlubang",94,hawa sejuk ion negativ banyak bagus sayang jalan lubang,positif,positif
Yustania Ariyanti,7 tahun lalu,"Pertama kesana sama doi, layan tempatnya, udara sejuk, tempatnya bagus juga buat foto, tapi pas kesana masih tahap renovasi 😅 …",127,pertama sama doi layan tempat udara sejuk tempat bagus buat foto pas tahap renovasi,positif,positif
Catur Putranto,5 bulan lalu,SUPER BAGUSS DAN AKU DATANG waktu pas cerah tambah bagus sukaa,62,super baguss datang waktu pas cerah tambah bagus sukaa,positif,positif
Ade SSS,7 tahun lalu,wisata alam di kabupaten kediri jawatimur. kawah gunung kelud yang eksotis. memiliki daya tarik tersendiri. Terdapat wahana offroad juga.,137,alam kabupaten diri jawatimur eksotis milik daya tarik sendiri dapat wahana offroad,positif,positif
Muhammad Wahyudi,7 tahun lalu,Tempatnya bagus... Meskipun harus jalan lumayan jauh tapi view yang didapat sangat bagus... Ada terowongan juga namun saat musim hujan banjir.. jalanan juga belum rapih,168,tempat bagus meski jalan lumayan jauh view dapat sangat bagus terowongan musim hujan banjir jalan rapih,positif,positif
Arbai Iabra,7 tahun lalu,Gunung kelud merupakan gunung berapi aktif yg sangat mempesona. Sangat rekomended untuk pendaki yg memang mencintai alam dengan suasana yg masih asri.,150,rupa rap aktif sangat pesona sangat rekomended daki memang cinta alam suasana asri,positif,positif
erma fatimah,7 tahun lalu,"Recommended buat main kesana.
Tapi sayangnya gak boleh ke kawah dengan jalan kaki, bolehnya harus naik ojek",107,recommended buat main sayang jalan boleh naik ojek,positif,positif
Agung Thegreat,3 tahun lalu,"Dingin,banyak spot foto,gunung,kawah, gardu pandang",51,dinginbanyak spot fotogunungkawah gardu pandang,positif,positif
alya vivianjaya,6 bulan lalu,via karang rejo mantapp 😆🙌🏻 …,29,via karang rejo mantapp,positif,positif
Bayu Putranto,setahun lalu,Tempat yg sangat indah,22,sangat indah,positif,positif
Reviewer Kepoo,6 tahun lalu,Salah satu wisata alam di perbatasan kota kediri dan blitar.. pemandangannya sangat indah..,91,salah satu alam batas kota diri blitar pandang sangat indah,positif,positif
pandu setiawan,3 tahun lalu,Pemandangannya bagus. Dingin banget,35,pandang bagus dingin banget,positif,positif
Munir,8 tahun lalu,"Pemandangan sangat bagus, pegunungan yg indah..",47,pandang sangat bagus gunung indah,positif,positif
Feri Widianto,6 tahun lalu,"Tempat favorit bgt sii dr jaman pacaran smpe skrng sh pny anak.. Tpt sejuk, gak bikin bosen.. Perjalanan menyenangkan dgn d kiri kanan bnyk pepohonan",149,favorit bgt sii dr jaman pacar smpe skrng sh pny anak tpt sejuk bosen jalan senang dgn d kiri kanan bnyk pohon,positif,positif
bang “Bangboom” boom,6 tahun lalu,"Destinasi bersejarah di kediri,akses jalan ok,dan udara masih dingin bnget.kami konvoi 23 unit kesini aman2 aja dan lancar🙏 …",125,destinasi sejarah kediriakses jalan okdan udara dingin bngetkami konvoi unit kesini aman lancar,positif,positif
ilham syah,8 tahun lalu,"Tempat yang indah, tp jgn datang di jam 12 siang ke atas , biasanya kabut mulai turun",85,indah tp jgn datang jam siang atas biasa kabut mulai turun,positif,positif
uut_udhel 29,4 tahun lalu,terakhir kali kesini 2019 dan berharap bisa kesini lagi,55,akhir kali kesini harap kesini,positif,positif
Rafif H.F,setahun lalu,Rekomendasi Liburan untuk idul fitri teman2,43,rekomendasi libur idul fitri teman,positif,positif
ki brojo,Diedit 7 tahun lalu,"Gunung Kelud merupakan salah satu gunung berapi paling aktif di Indonesia seperti gunung berapi lainnya di Indonesia
Perjalanan kali ini melewati jalan alternatif  jalan makadam  dari Candi Penataran menuju Arah Pasar Patok Sidorejo  Ponggok kab. Blitar",253,rupa salah satu rap paling aktif indonesia rap lain indonesia jalan kali lewat jalan alternatif jalan makadam candi natar tuju arah pasar patok sidorejo ponggok kab blitar,positif,positif
4NC Explorer,7 tahun lalu,"Ketika ingin menyejukkan diri, kesinilah kalian akan sampai,. 😉 …",65,sejuk diri kesini kalian,positif,positif
Hanif Naufal,8 tahun lalu,"Wisata alam yang sangat indah, worth it lah sama jalan yg dilalui. Udara yg dingin dan pemandangan yang indah membuat pikiran menjadi tenang",140,alam sangat indah worth it sama jalan lalu udara dingin pandang indah buat pikir jadi tenang,positif,positif
Yerf,6 bulan lalu,sangat bagus,12,sangat bagus,positif,positif
Vika Saraswati,7 tahun lalu,"Seru, ektrim, ngangenin, banyak lintah dan ulat bulu. Pos 1-2 rawan longsor",75,seru ektrim ngangenin banyak lintah ulat bulu pos rawan longsor,positif,positif
DISPORBUDPAR KOTA BLITAR,8 tahun lalu,"Gunung kelud pada sisi yang berbeda, hiking dari blitar 2 jam perjalanan dgn view sangat indah",94,sisi beda hiking blitar jam jalan dgn view sangat indah,positif,positif
afina 78,4 tahun lalu,Wonderful place...indah..dengan suasana yg masih asri...tiket masuk hanya 10 rb..lebih baik menggunakan jsa ojek setempat hanya dgn 35rb tiket p_p  untuk mencapai kawah..,170,wonderful placeindahdengan suasana asritiket masuk rblebih baik guna jsa ojek tempat dgn rb tiket pp capai,positif,positif
Fatkhu Rizal Sofan,8 tahun lalu,"Jalan ke puncak sudah ditutup, sedang proses pembangunan. Menurut penjaga di pos kemungkinan satu tahun lagi baru bisa dibuka untuk wisata seperti sebelum 2014.",160,jalan puncak tutup sedang proses bangun jaga pos mungkin satu tahun baru buka,positif,positif
Memey Hanif,sebulan lalu,Tengchyuuuu kelud 🖤 …,21,tengchyuuuu,positif,positif
Alfian Nuril,2 tahun lalu,Indah banget pemandangan nya,28,indah banget pandang,positif,positif
Wahyoedi Sne,6 tahun lalu,"Pemandngan nya sangat bagus, dan dapat terjangkau menggunakan kendaraan",71,pemandngan sangat bagus jangkau guna kendara,positif,positif
fadel lino,10 bulan lalu,"ojek arogan,sering kesini dan parkir di parkiran atas,tapi kemaren baru sampai parkiran mobil uda di teriakin suru berhenti dan akhirnya muter balik gajadi joging",162,ojek arogansering kesini parkir parkir atastapi kemaren baru parkir mobil uda teriakin suru henti akhir muter balik gajadi joging,positif,positif
devi Kookie,7 tahun lalu,A great place to spend time with family. Beautiful scenery and very fresh air,77,a great place to spend time with family beautiful scenery and very fresh air,positif,positif
Zakky Ramones,7 tahun lalu,Pemandangan yang bagus. Suhu udara tidak sedingin di bromo.,59,pandang bagus suhu udara sedingin bromo,positif,positif
Silvy MX,3 tahun lalu,"Dulu ke sini pas sebelum meletus
Sekarang masih ttp cakep ya",60,dulu sini pas letus ttp cakep,positif,positif
Kahfi Nugraha,7 tahun lalu,"Gunung kelud, gunung yang terletak di daerah kediri dan blitar ini cukup terkenal karna berapa tahun silam pernah meletus karna itu gunung kelud menjadi terkenal dari sebelumnya, gunung yg memiliki kaldera yg lumayan besar ini sangatlah …",238,letak daerah diri blitar cukup kenal karna berapa tahun silam pernah letus karna jadi kenal belum milik kaldera lumayan besar sangat,positif,positif
seiraj ahmad,6 tahun lalu,"bagus tempatnya,skrg bnyak taman yg dibangun dsni,ada goa juga tpi smpai skrg sya belum pernah masuk ke goanya cuma ke atas doang,untuk yg bawa sepeda motor lebih baik tinggal diparkiran aja apa lagi motornya udah tua alias tenaganya udah loyo jgn dipaksain naik mending ojek aja dstu bnyak ojek dan biyayanya murah skitar 7 ribuan doang",337,bagus tempatnyaskrg bnyak taman bangun dsniada goa tpi smpai skrg sya pernah masuk goanya cuma atas doanguntuk bawa sepeda motor lebih baik tinggal parkir apa motor udah tua alias tenaga udah loyo jgn dipaksain naik mending ojek dstu bnyak ojek biyayanya murah skitar ribu doang,positif,negatif
Bebek Jelek,7 tahun lalu,Tempat wisata keren & menyenangkan. Cocok banget buat liburan bareng keluarga,77,keren senang cocok banget buat libur bareng keluarga,positif,positif
Lekhan Soo,Diedit 4 tahun lalu,Tempat yg adem  nyaman walaupun ga bisa sampai ke kawah,55,adem nyaman walaupun,positif,positif
Freddy David,8 tahun lalu,"an active volcano mountain, the view is fantastic and the mountain can be accessed easily from the bottom to the top",116,an active volcano mountain the view is fantastic and the mountain can be accessed easily from the bottom to the top,positif,positif
The Wanderer Guy,8 tahun lalu,A great nature place for your short gateway. Not so far from the downtown of Kediri City. Approximately 45min by private vehicle. Road paved with good asphalt so don't hesitate to come over. You can enjoy great scenery and take a deep …,236,a great nature place for your short gateway not so far from the downtown of diri city approximately min by private vehicle road paved with good asphalt so dont hesitate to come over you can enjoy great scenery and take a deep,positif,positif
Muhammad Ainur Rochim,2 tahun lalu,Sangat sangat cantik pemandangannya salah satu rekomendasi tempat untuk healing,79,sangat sangat cantik pandang salah satu rekomendasi healing,positif,positif
erwan 3012,Diedit 7 bulan lalu,"Jalur pendakian via Sugihwaras Ngancar ""wajib guide""",52,jalur daki via sugihwaras ngancar guide,positif,positif
Jossie Agf,7 tahun lalu,Track nya lumayan meski gunung nya tidak tinggi* amat . Tapi banyak bonus nya . View nya keren,94,track lumayan meski tinggi banyak bonus view keren,positif,positif
Draco Malfoy,10 bulan lalu,"mt. kelud is honestly such a cool spot if you're into nature and mountain vibes. the view from up there is insane, especially around sunrise or late afternoon—totally worth the trip. the air’s fresh, the scenery’s dramatic, and the crater …",240,mt is honestly such a cool spot if youre into nature and mountain vibes the view from up there is insane especially around sunrise or late afternoon totally worth the trip the air s fresh the scenery s dramatic and the crater,positif,positif
Galeri Pemuda,4 tahun lalu,"Untuk memasuki kawasan Wisata Gunung Kelud, kamu harus menunjukkan surat keterangan vaksin melalui scan barcode aplikasi peduli lindungi. …",139,pasuk kawasan tunjuk surat terang vaksin lalu scan barcode aplikasi peduli lindung,positif,positif
ismoyo legowo,8 tahun lalu,Pemandangan Indah walau sunset... Cuaca sejuk dingin,52,pandang indah sunset cuaca sejuk dingin,positif,positif
deny putra irawan,7 tahun lalu,Udaranya segar penandangan alam yg mengesankan sayang lokasinya banyak yg rusak n d tutup karena perbaikan,106,udara segar tandang alam kesan sayang lokasi banyak rusak n d tutup baik,positif,positif
JOENG SUKAMTO JUSUF,Diedit 5 tahun lalu,"Gunung Kelud lokasi di Jawa timur, masih dalam status aktif. Dalam aksara jawa ꦒꦸꦤꦸꦁꦏꦼꦭꦸꦠ꧀. Berada di perbatasan antara Kabupaten Kediri, Kabupaten Blitar, dan Kabupaten Malang, kira-kira 35 km sebelah timur pusat Kota Kediri dan 25 km …",237,lokasi jawa timur status aktif aksara jawa ada batas kabupaten diri kabupaten blitar kabupaten malang kirakira km belah timur pusat kota diri km,positif,positif
Ringgar Raydeftha,3 tahun lalu,"sudah 2x kesini, yg pertama thn 2018 ke kawah, kmrin ke puncak sejati",69,x kesini pertama thn kmrin puncak sejati,positif,positif
our journey files,2 bulan lalu,our journey starts here..,25,our journey starts here,positif,positif
c anugrah,2 tahun lalu,"Cuma 1 kekurangan nya, toiletnya sudah tidak berfungsi lagi. Selebihnya bagus. Yang gak mau capek jalan kaki, sudah tersedia ojek. Kalo dari parkiran motor Rp. 30rb PP, kalo dari parkir mobil Rp. 40rb PP",203,cuma kurang toilet fungsi lebih bagus mau capek jalan sedia ojek kalo parkir motor rp rb pp kalo parkir mobil rp rb pp,negatif,negatif
Randi Herlambang,8 tahun lalu,Wisata alam yang sangat menakjubkan.,36,alam sangat takjub,positif,positif
Ras ayu,5 tahun lalu,"Gunung Kelud 💕💕💕
Ingin kesini lagi, tentunya via basecamp Tulungrejo yg masyarakatnya baik2 dan sangat ramah. Tidak hanya itu, mereka jg sangat peduli. Kami disambut dan diperlakukan spt keluarga 💕💕💕 …",201,kesini tentu via basecamp tulungrejo masyarakat baik sangat ramah jg sangat peduli sambut laku spt keluarga,positif,positif
abi denny,4 tahun lalu,Wisata dan pemandangan yg bagus,31,pandang bagus,positif,positif
GILANG PRABU Belalang,7 tahun lalu,"medannya cukup bervariasi, sedia air yg banyak apabila akan mendaki sampai puncak",81,medan cukup variasi sedia air banyak apabila daki puncak,positif,positif
Aldi Pratama,5 tahun lalu,"very beautiful scenery, gak rugi kali datang ke gunung Kelud 👍😁 …",65,very beautiful scenery rugi kali datang,positif,positif
Lintang Luthfia Maulida,7 tahun lalu,Bagus tapi pengen liat kawah gabisaa,36,bagus ken liat gabisaa,positif,positif
Ainun Ni Intan Syahfarini,8 tahun lalu,"Bagus banget, harga tiket masuknya terjangkau.
Cuman ada beberapa pengunjung yang buang sampah sembarangan.",107,bagus banget harga tiket masuk jangkau cuman beberapa unjung buang sampah sembarang,positif,positif
003_Mahesa Dwi Prasetyo Utomo,Diedit 3 tahun lalu,"Kelud mountain is one of volcanoes mountain in Kediri, East Java which is my country. I often go there to travel or just for holiday. There’s a lot of local and foreign tourist in this mountain cause the beautifull view and atmosphere. My …",240,mountain is one of volcanoes mountain in diri east java which is my country i often go there to travel or just for holiday there s a lot of local and foreign tourist in this mountain cause the beautifull view and atmosphere my,positif,positif
Karnael Elisandria,3 tahun lalu,"Keren abis Gunung Kelud, apalagi touring bersama teman2",55,keren abis touring sama teman,positif,positif
Diva Cahya,4 bulan lalu,Memuaskan sekali banyak pilihan🥰 …,34,muas banyak pilih,positif,positif
Ais Aqil,9 bulan lalu,Cocok untuk pemula,18,cocok mula,positif,positif
Bintang Galaxy,8 tahun lalu,Tempat wisata yg bagus utk bersantai bersama keluarga,53,bagus utk santa sama keluarga,positif,positif
Luqman Hakim,Diedit 6 tahun lalu,"Pertama kali ke 🗻 gunung Kelud,indah banget pemandangganya dan bisa lihat matahari terbit pd saat jam 06.30 pagi...😎 …",118,pertama kali keludindah banget pemandangganya lihat matahari terbit pd jam pagi,positif,positif
Ulum Khoirul92,6 tahun lalu,Pemandangannya indah dan sejuk...,33,pandang indah sejuk,positif,positif
BLANK JI BON,7 tahun lalu,jalan ke kawah ditutup. tapi viewnya masih tetep bagus. semoga cepat selesai pembenahan jalan dan dibuka kembali wisata sampai ke kawah 👍👍👍 …,141,jalan tutup viewnya tetep bagus moga cepat selesai benah jalan buka,positif,positif
Amalia,setahun lalu,"Asri dan indah pemandangannya. Dari gerbang masuk ke parkiran aga jauh, tapi jalanny mulus. Deket parkiran ada resto/warung, tp d kawahny g ada. Saranku buat yg mau kesini: 1) datang pagi, karna bulan ini waktu kesini datang jam 8/9 dan jam …",242,asri indah pandang gerbang masuk parkir aga jauh jalanny mulus deket parkir restowarung tp d kawahny g saran buat mau kesini datang pagi karna bulan waktu kesini datang jam jam,positif,positif
Toni Saptono,8 tahun lalu,"Salah satu tujuan wisa alam di Kabupaten Kediri, salah satu untuk meningkatkan daya tarik wisatawan diselenggarakannya pameran produk UMKM di rest area gunung kelud",164,salah satu tuju wisa alam kabupaten diri salah satu tingkat daya tarik wisatawan selenggara pamer produk umkm rest area,positif,positif
tri utami,6 tahun lalu,Gunung Kelud pasca erupsi makin mempesona,41,pasca erupsi makin pesona,positif,positif
fifadlillah_,6 tahun lalu,Gunung yg sangat indah untuk dipandang oleh mata,48,sangat indah pandang mata,positif,positif
Aris Rifkhi,2 tahun lalu,"Titip jejak, overal masih sejuk segar,view masih enak",53,titip jejak overal sejuk segarview enak,positif,positif
Rudi Zakky Pahlawan (JQ),setahun lalu,"tiap ke kawah kelud, bentuknya berubah.. saking lumayan seringnya erupsi, dan selalu menarik. …",95,tiap bentuk ubah saking lumayan sering erupsi selalu tarik,positif,positif
mung amarindro,3 tahun lalu,"Pas lagi banyak kabut, tapi menyenangkan.",41,pas banyak kabut senang,positif,positif
Edo Christianto,6 tahun lalu,sungguh menakjubkan dapat kembali mengunjungi kawahnya sesudah letusan 6 tahun lalu,83,sungguh takjub unjung kawah letus tahun lalu,positif,positif
Muhammad Khuwarizmy,8 tahun lalu,"Dengan ketinggian yang relatif sedang, gunung ini menyajikan pemandangan yang sangat memukau, namun jangan diremehkan ya, keep safety",133,tinggi relatif sedang saji pandang sangat pukau jangan remeh keep safety,positif,positif
Ripki Andrian,7 tahun lalu,"Bagus sih , cuman ojek nya aja yang mahal",41,bagus cuman ojek mahal,positif,positif
Mas Widodo,Diedit 8 bulan lalu,"Suwasana sejuk adem dihati, pikiran fres enak buat ngopi sambil nyantai👍👍 …",75,suwasana sejuk adem hati pikir fres enak buat ngopi nyantai,positif,positif
ahmad fandi,6 tahun lalu,Salah satu hal yg wajib klo berkunjung di kediri..,50,salah satu klo kunjung diri,positif,positif
gerandis,2 tahun lalu,"Akses menuju Gunung Kelud bisa menggunakan kendaraan pribadi, jika pakai mobil perjalanan menuju kawah dilanjutkan dengan jalan kaki sekitar 5 km atau dengan naik ojek dengan tarif 40 ribu pp. Jika pake motor, dari parkiran mobil masih bisa …",242,akses tuju guna kendara pribadi pakai mobil jalan tuju lanjut jalan km naik ojek tarif ribu pp pake motor parkir mobil,positif,negatif
Jelita Dew,Diedit 3 tahun lalu,"Cool air, beautiful crater, pay 30,000 to go there by motorcycle",64,cool air beautiful crater pay to go there by motorcycle,positif,positif
Ibnu Sopingi Al Njasemy,2 tahun lalu,"PT Abipraya sepertinya salah bangun jalan deh. Harusnya untuk wisatawan malah di kuasai segelintir oknum. Yaitu tukang ojek. Jalannya sudah bagus, tapi motor di stop, suruh parkir jauh dari kawah. Tolong petugas wisata untuk …",226,pt abipraya seperti salah bangun jalan harus wisatawan malah kuasa gelintir oknum tukang ojek jalan bagus motor stop suruh parkir jauh tugas,positif,positif
Rochmad Rohmad,6 tahun lalu,"Sejuk, tetap hati2 kalau bawa anak2 dan kakek2,",47,sejuk tetap hati bawa anak kakek,positif,positif
Adam Dam,setahun lalu,"Yg mau ke sini, klau memang fisiknya lemah, mending ngojek aja deh wkwkw",72,mau sini klau memang fisik lemah mending ngojek wkwkw,positif,positif
Angga Putra Pratama,7 tahun lalu,"setelah letusan pada tahun silam, semoga perbaikan infrastrukturnya lebih ditingkatkan lagi",91,letus tahun silam moga baik infrastruktur lebih tingkat,positif,positif
Taufan Eka Putra Thamin,8 tahun lalu,"Tempat liburan asyik, kenang2an masa2 itu",41,libur asyik kenang masa,positif,positif
Anas Saja,6 tahun lalu,Indah dan treknya cukup menantang,33,indah trek cukup tantang,positif,positif
Goentor Sujaya,5 tahun lalu,"Jalurnya sudah baik, namun mesti harus tetap berhati-hati",57,jalur baik mesti tetap berhatihati,positif,positif
fenda esemkita,5 tahun lalu,"Gunung Kelud adalah sebuah gunung berapi di Provinsi Jawa Timur, Indonesia, yang tergolong aktif. Gunung ini berada di perbatasan antara Kabupaten Kediri, Kabupaten Blitar, dan Kabupaten Malang, …",196,buah rap provinsi jawa timur indonesia golong aktif ada batas kabupaten diri kabupaten blitar kabupaten malang,positif,positif
Andoyo Andoyo,setahun lalu,"Saya ke gunung kelud pertamakali tahun 2012,, anak gunung kelud masih ada,  terowongan masih bagus,  tangga naik kepuncak begitu indah,  tangga turun ke air panas belerang juga bagus",182,pertamakali tahun anak terowongan bagus tangga naik puncak indah tangga turun air panas belerang bagus,positif,positif
tsan iyah,setahun lalu,"kesini pertama mau turun ke kawah gabole krn sedang ada proyek.
kesini kedua, boro"" sampai kawah, baru seperempat jalan saja rasanya sudah pusing, mual, sakit perut, _-",168,kesini pertama mau turun gabole krn sedang proyek kesini dua boro baru empat jalan rasa pusing mual sakit perut,positif,positif
Akhmad Firdos Khoiril Khitam,7 tahun lalu,"Pemandangan menarik..
Sebelum naik bisa lihat kebun nanas dan wisata petik nanas. Pastikan kendaraan prima.",107,pandang tarik naik lihat kebun nanas petik nanas pasti kendara prima,positif,positif
Bintang Eka,3 tahun lalu,This is good place for healing✨ i rekomend you bring some food or snack if you feel hungry because there is no food vendors on the top of kelud.,144,this is good place for healing i rekomend you bring some food or snack if you feel hungry because there is no food vendors on the top of,positif,positif
Ahmad Fitri Zakaria,6 tahun lalu,Lumayan bagus pemandangannya,28,lumayan bagus pandang,positif,positif
Triatmo Sugihartono,setahun lalu,"Udaranya sangat sejuk,melebihi puncak bogor,sangat asri,alami dan menenangkan di hati,bagi anda yg.baru di PHP sama kekasih,mendingan cari kekasih baru dan dibawa ke sini pasti wau....🤣🤣🤣👍👍👍👍 …",193,udara sangat sejukmelebihi puncak bogorsangat asrialami tenang hatibagi ygbaru php sama kekasihmendingan cari kasih baru bawa sini wau,positif,positif
Rizqi Ariansyah87,8 tahun lalu,"Tempat yg sangat indah dan cocok buat ngetrip bareng kawan2 ,apalagi saat masih banyak kabut di puncak kelud",108,sangat indah cocok buat ngetrip bareng kawan banyak kabut puncak,positif,positif
Jack 07,2 tahun lalu,Viewnya bgus banget.meski jalannya ngeri banget. Untuk ada ojek yg hafal area dan lalu lalang dsni  PP cm 40rb. …,113,viewnya bgus bangetmeski jalan ngeri banget ojek hafal area lalu lalang dsni pp cm rb,positif,positif
Riyanda Arum,3 tahun lalu,"Kelud mountain has a gorgeous scenery, especially when the colour of the crater is tosca.",89,mountain has a gorgeous scenery especially when the colour of the crater is tosca,positif,positif
Galih Jiwatman,6 tahun lalu,"so beautiful and natural, but the track must be repaired",56,so beautiful and natural but the track must be repaired,positif,positif
Wawan Channel,3 tahun lalu,Sejuk dan nyaman buat bersantai,31,sejuk nyaman buat santa,positif,positif
Lord Hendrik,8 bulan lalu,Sangat rekomendasi buat luangin waktu di akhir pekan. kegiatan positif.,71,sangat rekomendasi buat luangin waktu akhir pekan giat positif,positif,positif
Loekman Hakeem,8 tahun lalu,"Pernah kesini sebelum meletus. Dari sekarang penasaran terus, seperti apa.",74,pernah kesini letus penasaran terus apa,positif,positif
Retno Wulan,setahun lalu,Setiap kesana Alhamdulillah selalu dapat view yang bagus dan suasana sejuk entah itu berkabut atau kawah terlihat membeku yang terlihat sangat indah 🫶 …,152,alhamdulillah selalu view bagus suasana sejuk entah kabut lihat beku lihat sangat indah,positif,positif
Aini Aini,8 bulan lalu,Pemandangan yang sangat  sangat luar biasa sekali sangat bagus,62,pandang sangat sangat luar biasa sangat bagus,positif,positif
pujianto namaku,2 tahun lalu,Exotic dan kerenn untuk dikunjungi😊 …,37,exotic kerenn kunjung,positif,positif
Elink Nirwana,6 tahun lalu,Cantik ya.. cuman jalannya jauh banget buat ke kawah Kelud 😁 …,62,cantik cuman jalan jauh banget buat,positif,positif
Muhammad Ridha,3 tahun lalu,"Keren Bat
Desember 2022 akhir full kabut selama 3 hari",54,keren bat desember akhir full kabut lama hari,positif,positif
Ahsanatul Munawwaroh,setahun lalu,Mempunyai warna kawah yang unik. Selain itu tersedia ojek jika tidak ingin mendaki,82,punya warna unik sedia ojek daki,positif,positif
Bilwan MS Huzaerudin,6 tahun lalu,Suasananya sejuk dan banyak pemandangan yang indah.,51,suasana sejuk banyak pandang indah,positif,positif
Patrya Blitar,4 tahun lalu,G.kelud merupakan wisata alam yg sangat mnarik dan bikin kesana lagi,68,gkelud rupa alam sangat mnarik,positif,positif
Havian R,7 tahun lalu,Gunung yang ramai di kunjungi wisatawan. Indah nya pemandangan,62,ramai kunjung wisatawan indah pandang,positif,positif
cinta amaliasaliha,setahun lalu,Terimakasih mbahkung sdh mengantar kami ke gng kelud,52,terimakasih mbahkung sdh antar gng,positif,positif
Rahma Setya,10 bulan lalu,"Gak sampai naik gunung keludnya sih,kesana pas weekday.jadi sepi jalannannya",76,naik keludnya sihkesana pas weekdayjadi sepi jalannannya,positif,positif
Ali,Diedit setahun lalu,"tempat camp yg cukup menarik, apalagi ditambah jalur menuju puncak kawah yg lumayan extreme, tapi semua itu akan dibayar lunas ketika sudah sampai puncak.",154,camp cukup tarik tambah jalur tuju puncak lumayan extreme semua bayar lunas puncak,positif,negatif
Fakhri Maulana Asli,2 tahun lalu,Pemandangan nya indah kalau mau lihat kawah bisa jalan kaki atau naik ojek lebih di saran kan naik ojek sih wkkwwk soal nya jalan nya nanjak,140,pandang indah mau lihat jalan naik ojek lebih saran kan naik ojek wkkwwk soal jalan nanjak,positif,positif
Reni Puspita Sari,4 tahun lalu,Tempat wisata alam wajib dikunjungi.,36,alam kunjung,positif,positif
Leonsius Bainardi,9 bulan lalu,"di suguhkan dg panorama yg memukaukan mata,,, dg perjalanan yg menantang kekuatan fisik",87,suguh dg panorama pukau mata dg jalan tantang kuat fisik,positif,positif
febry ani,6 tahun lalu,indah sejuk dan mendamaikan.apalagi kalo sampai puncak....hmmmm indah banget dari atas,86,indah sejuk mendamaikanapalagi kalo puncakhmmmm indah banget atas,positif,positif
Probo Darono Yakti,8 tahun lalu,"Kunjungi pada saat tertentu untuk mendapatkan best view. Jangan sampai datang di puncak pada saat mendung dan berkabut, tentunya mengganggu keasyikan anda dalam berfoto ria baik bersama maupun swafoto. Bawalah bekal secukupnya untuk …",234,kunjung tentu dapat best view jangan datang puncak mendung kabut tentu ganggu asyik foto ria baik sama maupun swafoto bawa bekal cukup,positif,positif
Andre Belfort,setahun lalu,Naik motor kayanya lebih seruuuu,32,naik motor kaya lebih seruuuu,positif,positif
Muhammad A. S. Jawwad,6 tahun lalu,"Udara segar, pemandangan mantap. Dari parkiran mobil menuju kawah jalan kaki menanjak sekitar 2 jam santai (tapi ada ojek kalau mau, 50 ribu pp). Jalan hampir semua sudah diaspal mulus, sampai ladang Edelweiss. Datanglah selain hari sabtu-minggu agar tidak terlalu padat.",271,udara segar pandang mantap parkir mobil tuju jalan tanjak jam santai ojek mau ribu pp jalan hampir semua aspal mulus ladang edelweiss datang hari sabtuminggu terlalu padat,positif,positif
Azwar Anas,8 tahun lalu,"Sayang nya perbaikan nya dari tahun 2015 sampy sekrang blm selesay sehingga untuk mencapai kawah tidak bisa dan di pagari,kecewa",128,sayang baik tahun sampy sekrang blm selesay capai pagarikecewa,positif,positif
ChoDhot Aza,setahun lalu,"Pemandangannya indah walaupun banyak yang rusak akibat letusan tahun 2014 yg lalu, pemandian air hangat pun juga belum bisa dibenahi, ditambah lagi sekarang sudah gak bisa lagi naik motor ataupun mobil sampai dipuncak dekat kawah, kalo dulu …",242,pandang indah walaupun banyak rusak akibat letus tahun lalu mandi air hangat benah tambah naik motor atau mobil puncak dekat kalo dulu,positif,positif
Muhammad Ilham,7 tahun lalu,"Pengalaman saya disaat saya mengunjungi gunung kelud,  pemandangannya indah dingin dan sejuk saya suka sekali.  Namun ada objek yg msih dalam tahap renovasi namun tak segera selesai. Akses untuk menuju puncak kita diharuskan naik ojek motor …",242,alam saat unjung pandang indah dingin sejuk suka objek msih tahap renovasi segera selesai akses tuju puncak harus naik ojek motor,positif,positif
yt bang why Blue,2 bulan lalu,Bagus sekali,12,bagus,positif,positif
Aqmarina Rasika,9 tahun lalu,a must visit mountain in east java! can be reached by your personal vehicle: motor cycle or car,95,a must visit mountain in east java can be reached by your personal vehicle motor cycle or car,positif,positif
Tahta Laksana Dewanata,6 tahun lalu,"Gunung terdekat di kediri dan sudah bisa mewakili muncak, wkwkw",63,dekat diri wakil muncak wkwkw,positif,positif
Agus Ridwan,7 tahun lalu,"Luar biasa ke apian dan indahnya gunung ini , tapi sayang pintu masuk ke atas di tutup dan ada tulisan di buka pukul 07.00. Oh ..! disayangkan sebetulnya pingin menikmati sunrise di puncak kelud. Padahal tim kami sdh menempuh perjalanan dg …",241,luar biasa api indah sayang pintu masuk atas tutup tulis buka pukul sayang pingin nikmat sunrise puncak padahal tim sdh tempuh jalan dg,positif,positif
Dicky Kurniawan,3 tahun lalu,"wajib naik ojek ygy, walaupun udah bayar karcis dan bawa motor sendiri ga boleh naik sampe deket kawah, mending ke cangar, viewnya bagus gratis pula",148,naik ojek ygy walaupun udah bayar karcis bawa motor sendiri naik sampe deket mending cangar viewnya bagus gratis,positif,negatif
Ahyar Rosyadi,7 tahun lalu,"Menurut sy sih. Utk menagament wisata nya bagus. Bersih lumayan, teratur gitu. Tp panasnya MasyaAllah. Waktu itu kami turun skitar jam 2an. Nah las hampir jam 4an gitu, ada kabut pekat bgt, gatau itu tiap hari atay tumben. Jd saran sih ya …",240,sy utk menagament bagus bersih lumayan atur gitu tp panas masyaallah waktu turun skitar jam an nah las hampir jam an gitu kabut pekat bgt gatau tiap hari atay tumben jd saran,positif,negatif
Nurul LIND,Diedit 7 tahun lalu,"Pemandangan yang Indah, jalan berliku liku, dengan cerita yang menarik..",72,pandang indah jalan liku liku cerita tarik,positif,positif
Naufal Khulafa,setahun lalu,"nice panorama, proper for family vacation",41,nice panorama proper for family vacation,positif,positif
khoirul anwar,3 tahun lalu,"Wisata alam yang ada di kabupaten Kediri, terdapat kawah yang bisa berubah warna sesuai keadaan, perjalanan nanjak akan terbayar dengan panorama yang indah sampai di atas.",171,alam kabupaten diri dapat ubah warna sesuai ada jalan nanjak bayar panorama indah atas,positif,positif
Akbar Maulana,6 tahun lalu,Pemandangan indah dari bumi Nusantara,37,pandang indah bumi nusantara,positif,positif
Agung pribadi,7 tahun lalu,"Gunung kelud.
Untuk menuju puncak, pengunjung harus naik jeep dari pintu loket masuk menuju tempat parkir. Tarifnya Rp 375 ribu untuk empat orang. Bisa juga naik shuttle …",171,tuju puncak unjung naik jeep pintu loket masuk tuju parkir tarif rp ribu empat orang naik shuttle,positif,positif
Grayson kafieSitgh,10 bulan lalu,"Gelang sudah Kalung sudah Tinggal Kekuatan Jaket ku  Syarat Di Kubur
Gelang kalung JaketKu",90,gelang kalung tinggal kuat jaket ku syarat kubur gelang kalung jaket,positif,positif
jamal JR 123,8 tahun lalu,"Tempat nya indah, naik ke pucuk lumayan capek nya 😁 …",53,indah naik pucuk lumayan capek,positif,negatif
Lintang Songo,3 tahun lalu,Tempatnya asyik buat pecinta selfi,34,tempat asyik buat cinta selfi,positif,positif
achmad hakiki,8 tahun lalu,"Pemandangan alam di sekitaran gunung kelud masih memukau dan aroma udara yg masih segar. Cukup dingin apabila kabut datang.
Untuk pengunjung yg lewat jalan dari kediri belum diijinkan memasuki area kawah. …",206,pandang alam sekitar pukau aroma udara segar cukup dingin apabila kabut datang unjung lewat jalan diri diijinkan pasuk area,positif,positif
Ricky Wardana,7 tahun lalu,"Tempat wisata alam yang menarik di kediri/ blitar. Dulu lebih bagus karena selain ada anak gunung kelud, ada pemandian air panas dan terowongan buatan. Akan tetapi setelah meletus sepertinya agak berantakan, tapi sudah mulai dibangun lagi. …",241,alam tarik diri blitar dulu lebih bagus anak mandi air panas terowongan buat letus seperti beranta mulai bangun,positif,positif
gino schretzmeijer,8 bulan lalu,Amazing place😍 …,16,amazing place,positif,positif
GAMBANG MOTOR,setahun lalu,Bagus sebenarnya sayang ojek mahal kalo mau jalan tipis2 terganggu karna ojek berseliweran,90,bagus benar sayang ojek mahal kalo mau jalan tipis ganggu karna ojek seliwer,positif,positif
Nisaaa Khoirunisa,8 tahun lalu,"Udaranya yg dingin, suasana yg berkabut cocok untuk merefresh fikiran😂 …",72,udara dingin suasana kabut cocok merefresh fikiran,positif,positif
Mada Prayoga,4 tahun lalu,Pegunungan dengan jalan yg menanjak,35,gunung jalan tanjak,positif,positif
Hanif M,6 tahun lalu,"Kesini ketika belum dibolehkan turun ke kawah, cuma dari atas bibir kawah saja. Untuk kelokasi, jala n 3 kilo meter dari parkiran sepeda motor, atau bisa juga pakai ojel.motor yang disediakan paguyuban pemuda gunung kelud, tarifnya Rp 30.000 untuk ojek, tarif masuk lokasi hari libir Rp 10.000",293,kesini boleh turun cuma atas bibir lokasi jala n kilo meter parkir sepeda motor pakai ojelmotor sedia paguyuban pemuda tarif rp ojek tarif masuk lokasi hari libir rp,positif,negatif
Martin Kolondam,3 tahun lalu,"Pemandangan nya bagus dan udara nya dingin dan berkabut, waktu hujan banyak di jual jas hujan murah (10 ribu an). Hanya tempat rest area nya tidak luas (parkir mobil). Untuk ke kawah nya harus naik ojek biaya nya Rp.30.000 untuk naik dan turun. Ada banyak jasa foto di area kawah nya.",284,pandang bagus udara dingin kabut waktu hujan banyak jual jas hujan murah ribu an rest area luas parkir mobil naik ojek biaya rp naik turun banyak jasa foto area,positif,positif
M Farkhan Mubarok,2 tahun lalu,"Gunung Kelud (dalam aksara jawa: ꦒꦸꦤꦸꦁꦏꦼꦭꦸꦠ꧀a) adalah sebuah gunung berapi di Jawa Timur yang hingga sekarang tergolong aktif. Secara geografis letak gunung ini berada di perbatasan antara Kabupaten Kediri, Kabupaten Blitar, dan Kabupaten …",240,aksara jawa a buah rap jawa timur hingga golong aktif geografis letak ada batas kabupaten diri kabupaten blitar kabupaten,positif,positif
musdi guru,7 tahun lalu,Sementara gak bisa sampai kawah,31,,positif,positif
Nurila Wahyuni,7 tahun lalu,Salah satunya destinasi buat hiker seperti saya ini..  Rekomendasi banget dah buat para hikers yang Newbe hhhehe...  Karena medan yang landai tapi menyuguhkan pemandangan yang Amat sangat  Amazing place..  I really really loving this …,235,salah satu destinasi buat hiker rekomendasi banget dah buat hikers newbe hhhehe medan landai suguh pandang sangat amazing place i really really loving this,positif,positif
An tok,6 tahun lalu,"Tempatnya indah, bagus, asik buat hunting foto",46,tempat indah bagus asik buat hunting foto,positif,positif
Fredy Oky Erlanda,6 tahun lalu,Gn kelud via karangrejo sangat indah,36,gn via karangrejo sangat indah,positif,positif
Putri Salju,Diedit 4 tahun lalu,Bagus sekali... kawah Gunung kelud..,36,bagus,positif,positif
fajar Dotyeh,2 tahun lalu,"Seru, tanjakan tidak terlalu extreem sampai tempat parkir terakhir, lelah, dingin terbayarkan dengan keindahan alam gunung kelud, rekomendasi kesini dimusim kemarau saja, saat musim hujan cuaca tak bisa dipresiksi, hujan kadang tak kunjung …",241,seru tanjak terlalu extreem parkir akhir lelah dingin bayar indah alam rekomendasi kesini musim kemarau musim hujan cuaca dipresiksi hujan kadang kunjung,positif,positif
Picastana,6 tahun lalu,"Lokasi Wisata yang sangat terkenal di Kabupaten Kediri Jawa Timur. Gunung Kelud adalah Gunung Berapi Aktif yang terkenal dengan kedahsyatan letusannya. Akses jalan ke Lokasi cukup baik, pengguna kendaraan roda4 diwajibkan berhenti sampai …",239,lokasi sangat kenal kabupaten diri jawa timur rap aktif kenal dahsyat letus akses jalan lokasi cukup baik guna kendara roda wajib henti,positif,positif
Yosda,3 tahun lalu,"Pendakian via karangrejo, sepi di luar event nasional.",54,daki via karangrejo sepi luar event nasional,positif,positif
ラギル,7 tahun lalu,"tempatnya extreme, apalagi pas suhu sedang dingin.",50,tempat extreme pas suhu sedang dingin,positif,positif
Jeddy Bintang,6 tahun lalu,alam pesona kediri tak ada yang menandingi,42,alam pesona diri tanding,positif,positif
Wurita Kim,8 tahun lalu,gunung kelud kediri tempat wisata pegunungan aktif tp menakjubkan,65,diri gunung aktif tp takjub,positif,positif
Sahrul Munir,8 tahun lalu,"Enak banget pas diatas gunung, tepat di pos yang paling atas. Suasananya sejuk.... Khas daerah pegunungan.
Awan putih berjalan pelan kearah kita, perlahan tapi pasti. Kemudian melewati …",186,enak banget pas atas tepat pos paling atas suasana sejuk khas daerah gunung awan putih jalan pelan arah perlahan kemudian lewat,positif,positif
Mengenal Tokoh,3 tahun lalu,"Pemandanganx bagus, keren",25,pemandanganx bagus keren,positif,positif
Naim Ach,8 tahun lalu,Ke kelud naik motor lebih seru. G perlu sewa2 kendaraan lg.🌋⛰ …,63,naik motor lebih seru g perlu sewa kendara lg,positif,positif
arma Bejo,7 tahun lalu,Maha besar Allah atas segala ciptaannya,39,maha besar allah atas segala cipta,positif,positif
Dea Septiani,Diedit 8 tahun lalu,"Wisata alam yg luar biasa. Bagus bnget. Udaranya sejuk. Mhon scepatnya dibuka jln mnuju kawah via Kediri.
Salam adventure..... …",128,alam luar biasa bagus bnget udara sejuk mhon scepatnya buka jln mnuju via diri salam adventure,positif,positif
Lidya Hartini,7 tahun lalu,"View keren, menenangkan.",24,view keren tenang,positif,positif
Fuatul Elysa,6 tahun lalu,"Gunung Kelud yang merupakan salah satu wisata yang ada di kabupaten kediri. Beberapa tahun lalu gunung ini meletus dan mengakibatkan abu vulkanik sampai ke kota-kota tetangga. Dulu jalannya sangat mulus, parkiran luas, kamar mandi bersih, …",240,rupa salah satu kabupaten diri beberapa tahun lalu letus akibat abu vulkanik kotakota tetangga dulu jalan sangat mulus parkir luas kamar mandi bersih,positif,positif
Alfi Ramadhaniar,8 tahun lalu,"Dingin banget sumpah , yang mau kesini jangan lupa bawa jaket ya .",66,dingin banget sumpah mau kesini jangan lupa bawa jaket,positif,positif
Diphylleia,4 tahun lalu,The view is breathtaking. It is worth the trip ❤️,49,the view is breathtaking it is worth the trip,positif,positif
REXXHA,7 bulan lalu,"udara sejuk,jajanan ramah di kantong",36,udara sejukjajanan ramah kantong,positif,positif
Miss Linda,7 tahun lalu,"Pemandangan yang sangat indah dan udara yang sejuk, mampu membuat semua orang melupakan segalaa permasalahannya. Jalur yg sangat mudah untuk menuju tempat ini, membuat tempat inii menjadii tempat favorit orang"" yng ingin merasakan puncak gunung. Tetapi tidak ingin terlalu ektreme.",281,pandang sangat indah udara sejuk mampu buat semua orang lupa segalaa masalah jalur sangat mudah tuju buat ini jadi favorit orang yng rasa puncak terlalu ektreme,positif,positif
Pradita Budi ananda,6 tahun lalu,Pemandangannya amazing,22,pandang amazing,positif,positif
Mari Asih,4 tahun lalu,Bagus banget Indah sejuk,24,bagus banget indah sejuk,positif,positif
Mardi Dwi Anggara,3 tahun lalu,"Pendakian via tulung rejo, medan nya bagus, sampai puncak bayangan tidak terlalu terjal. Jika ingin kepuncak akan turun kembali di jalur naga, dan jalur sangat terjal, nanti ditengah jalur ada persimpangan ke air terju. Jalur menuju air …",238,daki via tulung rejo medan bagus puncak bayang terlalu terjal puncak turun jalur naga jalur sangat terjal tengah jalur simpang air terju jalur tuju air,positif,positif
Nur Ugik,setahun lalu,Somoga temen² yang datang bisa menjanga kelestarian alam. Dengan tidak buang sampah di gunung,93,somoga temen datang menjanga lestari alam buang sampah,positif,positif
moch ukaservis,2 tahun lalu,"Bagus pemandangan indah cuma untuk ke kawah harus pakai ojek, tidak ada hotel dan jalan terlalu curam.",102,bagus pandang indah cuma pakai ojek hotel jalan terlalu curam,positif,positif
dichi mubarok,7 tahun lalu,Selalu saja tetap menakjubkan... Gn. Kelud..... Amazing,55,selalu tetap takjub gn amazing,positif,positif
siee_ mhungeel27,setahun lalu,"pemandangannya sangat bagus,cocok untuk foto dan udaranya sejuk[asyfa]",70,pandang sangat baguscocok foto udara sejukasyfa,positif,positif
Bryan Adam,9 bulan lalu,Bagus sih aku pertamakali ndaki di via Karangrejo aku kasih bintang ⭐⭐⭐⭐⭐,73,bagus pertamakali ndaki via karangrejo kasih bintang,positif,positif
Yanti Wibowo,6 bulan lalu,Bagus,5,bagus,positif,positif
W. Arum,6 tahun lalu,"enaknya kalau kesana pagi, tempatnya sejuk. naik ojek sekitar 30-50rb tergantung dari gerbang berapa naiknya. jangan lupa bawa air minum, karena diatas tidak ada yg jualan.",172,enak pagi tempat sejuk naik ojek rb gantung gerbang berapa naik jangan lupa bawa air minum atas jual,positif,negatif
prastowo,3 tahun lalu,"sewaktu aku berkunjung ke gunung Kelud, Alhamdulillah cuacanya seju.
sehingga tidak kepanasan
tapi aku tidak bisa menikmati keindahannya dengan sepenuhnya, kala itu mendung menyelimuti hampir di semua puncak gunung. Dilerengpun juga mendung",240,waktu kunjung alhamdulillah cuaca seju panas nikmat indah sepenuh kala mendung limut hampir semua puncak lereng mendung,positif,positif
kaki ku,6 tahun lalu,"Aku pribadi cukup aktif mengunjungi gunung aktif satu ini. Jalur wisata via kediri merupakan trek paling sering kulalui untuk sampai ke gunung yang berada di 3 kabupaten (Kediri, Malang, dan Blitar). Pasca letusan tanggal 14 Februari 2014, …",241,pribadi cukup aktif unjung aktif satu jalur via diri rupa trek paling sering lalu ada kabupaten diri malang blitar pasca letus tanggal februari,positif,positif
harianto bastian,4 tahun lalu,"Datang sabtu pagi buanget, lgs masuk soalnya diloket ngk ada yg jaga, jalan untuk mobil aman, tempat parkir cukup, naik ojek dari parkir mobil kena 50k pp. Pemandangan bagus",173,datang sabtu pagi buanget lgs masuk soal loket ngk jaga jalan mobil aman parkir cukup naik ojek parkir mobil kena k pp pandang bagus,positif,negatif
Novia Anjelina,6 tahun lalu,"Sangat indah. Mendakinya cukup jauh, tapi bisa naik ojek dari parkiran. Tidak ada toilet, harap bak sebelum kesini. Jangan lupa membawa minuman.",144,sangat indah mendak cukup jauh naik ojek parkir toilet harap bak kesini jangan lupa bawa minum,positif,negatif
Triska Dewi Kusuma,5 tahun lalu,Jalur Pendakiannya sudah sangat bagus. Bisa untuk olahraga juga. Disediakan bapak-bapak ojek yang udah jago-jago buat nganterin para traveller lokal maupun luar. View-nya gilaaaa abiss... Kereeeen👍 …,199,jalur daki sangat bagus olahraga sedia bapakbapak ojek udah jagojago buat nganterin traveller lokal maupun luar viewnya gilaaaa abiss kereeeen,positif,positif
Kang Hans,6 tahun lalu,Tempat enak sejuk.. Mantap,26,enak sejuk mantap,positif,positif
widi hidayat,4 tahun lalu,View nya ciamik..👌👍 …,21,view ciamik,positif,positif
Rio Wija,6 tahun lalu,"Salah satu tempat wisata di Kabupaten kediri. Meski gak begitu tinggi, namun pemandangan disini cukup menarik. Sayangnya tempat ini gak buka selama 24 jam. Sehingga waktu untuk eksplore cukup terbatas. Salah satu alternatif lain untuk bisa menikmati kelud selama 24 jam adalah dengan melalui jalur pendakian",307,salah satu kabupaten diri meski tinggi pandang sini cukup tarik sayang buka lama jam waktu eksplore cukup batas salah satu alternatif nikmat lama jam lalu jalur daki,negatif,negatif
Ridwan Supriadi,6 tahun lalu,Menuju kawasan puncak Gunung Kelud sejak tahun 2004 hubungan jalan darat telah diperbaiki untuk mempermudah para wisatawan serta penduduk. Gunung Kelud telah menjadi objek wisata Kabupaten Kediri dengan atraksi utama adalah kubah lava. Di …,240,tuju kawasan puncak sejak tahun hubung jalan darat baik mudah wisatawan duduk jadi objek kabupaten diri atraksi utama kubah lava,positif,positif
Ayu bigDream,4 tahun lalu,"Kesini sekitar 2019an silam
Pengalaman banget naik matic nyetir sendiri ampe atas amazing smpe atas gerimis donk tpi terbayarkan sama pemandangannya",148,kesini an silam alam banget naik matic nyetir sendiri ampe atas amazing smpe atas gerimis donk tpi bayar sama pandang,positif,positif
Safiul Falaq,8 tahun lalu,"Panorama alamnya itu indah sekali, udaranya sejuk, cocok sekali bagi anda ysng mau berlibur, dan yang paling saya suka dari tempat ini yaitu jalan misterinya, karena sampai saat ini masih menjadi misteri.",204,panorama alam indah udara sejuk cocok ysng mau libur paling suka jalan misteri jadi misteri,positif,positif
Eduardo CG,6 tahun lalu,One of the nicest volcanos in Java. Worth the effort to get to the crater!,74,one of the nicest volcanos in java worth the effort to get to the crater,positif,positif
Woro Wiri,6 tahun lalu,"Salah satu wisata alam di kediri yang selalu ramai dan selalu banyak di kunjungi wisatawan... tuket masuk 10rb..
Jalab sangat bagus sampeh kawah gunung..  ada ojek ke kawahnya dan ada nanas kelud yang manis siap di bawa pulang...",229,salah satu alam diri selalu ramai selalu banyak kunjung wisatawan tuket masuk rb jalab sangat bagus sampeh ojek kawah nanas manis siap bawa pulang,positif,positif
Lien Karduki,5 tahun lalu,Puncak Gunung Kelud udara dan viewnya bagus sekali..walau disana belum banyak fasilitas untuk wisata sehingga tidak banyak pengunjungnya tapi cukup lah untuk makan2 dan nongkrong menikmati gorengan dan kopi panas atau menikmati duren khas kelud yang legit.,256,puncak udara viewnya bagus sekaliwalau sana banyak fasilitas banyak unjung cukup makan nongkrong nikmat goreng kopi panas nikmat duren khas legit,positif,positif
Yesaya Bijaksana,2 tahun lalu,"Parkir mobil dgn Kawah Gunung cukup Jauh, Jadi anda harus Menggunakan ojek untuk sampai di objek wisata",103,parkir mobil dgn cukup jauh guna ojek objek,negatif,negatif
Muhammad Isbat,setahun lalu,Memuaskan,9,muas,positif,positif
Dian Linawati,9 tahun lalu,Lumayan menguji adrenalin. Tapi mantap jiwa.. hehe,50,lumayan uji adrenalin mantap jiwa hehe,positif,positif
EvelynLee,7 tahun lalu,"Aku ke kelud pas jaman kuliah sama temen-temen kampus ngCamp bareng. Namanya juga alam dan natural ya jelas bagus lah. Hal pertama yang kita lakuin pas sampai disitu adalah makan soto lamongan. Secara pribadi, ada 2 macem soto favorit aku, …",241,pas jaman kuliah sama tementemen kampus ngcamp bareng nama alam natural jelas bagus pertama lakuin pas situ makan soto lamongan pribadi macem soto favorit,positif,positif
MMF,6 tahun lalu,Gunung kelud merupakan gunung aktif yg meletus terakhir 2014. Kawah gunung kelud yg dulu adalah anak gunung sekarang berubah menjadi danau kecil berisi air. Jika ingin ke puncak ada 2 cara menggunakan kendaraan bermotor atau mendaki. Namun …,241,rupa aktif letus akhir dulu anak ubah jadi danau kecil isi air puncak cara guna kendara motor daki,positif,positif
Tamhar Namratus,2 tahun lalu,"Untuk mencapai/mendekati area kawah diharuskan menggunakan ojeg setempat, 40rb per motor pulang pergi menggunakan tiket",119,mencapaimendekati area harus guna ojeg tempat rb per motor pulang pergi guna tiket,positif,positif
reza forgotten,5 tahun lalu,Sumpah keren banget kalau untuk jalur pendakian via blitar ya kawan kalo lewat kediri nanti sepeda motor bisa di bawa ke atas sampek parkiran klo mau sampek ke kawah dipersilahkan untuk maik ojek semoga bermanfaat,213,sumpah keren banget jalur daki via blitar kawan kalo lewat diri sepeda motor bawa atas sampek parkir klo mau sampek silah maik ojek moga manfaat,positif,positif
Gianna Muryanti,5 tahun lalu,Sungguh indah ciptaanMu Ya Alloh.,33,sungguh indah cipta alloh,positif,positif
Risa Aryani,7 tahun lalu,Pemandangannya indah.,21,pandang indah,positif,positif
Muhammad Fatkur Rozi,9 tahun lalu,"Bagus, tapi masih dalam tahap perbaikan pasca erupsi",52,bagus tahap baik pasca erupsi,positif,positif
Aura Mahi,7 tahun lalu,"Gunung Kelud sebelum erupsi Bagus banget, ada gua Jepangnya sayang, setelah erupsi jln ke gua nya ditutup. Tp ttp gunung kelud memiliki daya tarik tersendiri, bisa naik ke Puncak tp pake jasa bang ojek. Semoga gua jepangnya bisa cepat dibuka kmbali.",249,erupsi bagus banget gua jepangnya sayang erupsi jln gua tutup tp ttp milik daya tarik sendiri naik puncak tp pake jasa bang ojek moga gua jepangnya cepat buka kmbali,positif,positif
Mei Amelia99 (Mei J),6 tahun lalu,viewnya asli bagus banget.,26,viewnya asli bagus banget,positif,positif
Dwi Winarni,6 tahun lalu,Gunung kelud yg terletak didaerah blitar jatim pemandangan panorama alam sangat indah banget tempat bersih n indah apalagi melihat matahari terbit dipagi sangat indah menakjudkan......... Pendakian yg penuh tantangan n rintangan sampe kepuncak gunung.......,257,letak daerah blitar jatim pandang panorama alam sangat indah banget bersih n indah lihat matahari terbit pagi sangat indah menakjudkan daki penuh tantang n rintang sampe puncak,positif,positif
Mariya Jordan,Diedit 8 tahun lalu,dahsyat nya sikecil yang tersembunyi dari pantauan banyak orang.,64,dahsyat sikecil sembunyi pantau banyak orang,positif,positif
Tya Marchelo,7 tahun lalu,"Tempatnya sangat dingin, enak buat ngopi. Jalanx agak nanjak. Tapi seru juga sih. Sepanjang perjalanan menuju gunung kelud, banyak taman buatan. Kebun nanas dan penjual nanas yang berjejer. Murah2 pula harganya.",211,tempat sangat dingin enak buat ngopi jalanx nanjak seru panjang jalan tuju banyak taman buat kebun nanas jual nanas jejer murah harga,positif,positif
ARWIN,2 tahun lalu,"Viewnya sangat Bagus, disarankan untuk naik pada pagi hari karena kalo udah siang kabut udah mulai turun",104,viewnya sangat bagus saran naik pagi hari kalo udah siang kabut udah mulai turun,positif,positif
Jerry Can,7 tahun lalu,"Lumayan adem, toilet tempat ibadah dan warung makanan ada di sekitar parkiran mobil, untuk ke atas dari parkiran mobil lumayan jauh, untuk sepeda motor bisa parkir di atas tapi untuk ke puncaknya biasanya hanya bibolehkan jalan kaki",232,lumayan adem toilet ibadah warung makan parkir mobil atas parkir mobil lumayan jauh sepeda motor parkir atas puncak biasa bibolehkan jalan,negatif,negatif
Livya Malvina,setahun lalu,Pemandangan yg indah jalannya bagus suasana menenangkan,55,pandang indah jalan bagus suasana tenang,positif,positif
Alfian Zamzami (Mbah),7 tahun lalu,"Gunung kelud terletak di kediri untuk wisata alam, untuk pendakian menuju puncak kawah lewat blitar tracking dengan estimasi kurang lebih 5 jam, disini lebih indah dari yang di kediri karena berada dipuncak behhh kaya bukan di indonesia gaes agaga",247,letak diri alam daki tuju puncak lewat blitar tracking estimasi kurang lebih jam sini lebih indah diri ada puncak behhh kaya bukan indonesia gaes agaga,positif,positif
HARPER GRAPH,8 tahun lalu,"Pernah melakukan pendakian via Tulungrejo, dengan tujuan ke puncak Kelud 1731 Mdpl kita bisa melihat view luar biasa indah seperti kawah dan sekeliling pegunungan.",163,pernah laku daki via tulungrejo tuju puncak mdpl lihat view luar biasa indah keliling gunung,positif,positif
Himma wanty,8 tahun lalu,Good views..not too high..,26,good viewsnot too high,positif,positif
endar sasmito,8 tahun lalu,"cukup indah pemandangan disini, terlebih jika sudah berada di pos terakhir, namun untuk melihat kawah masih belum bisa karena sedang dalam tahap konstruksi ulang usai meletus 2014 yg lalu",187,cukup indah pandang sini lebih ada pos akhir lihat sedang tahap konstruksi ulang usai letus lalu,positif,positif
Kresna Wahyu Ramadhani,3 tahun lalu,"Kelut dalam bahasa Jawa; dalam bahasa Belanda disebut Klut, Cloot, Kloet, atau Kloete) adalah sebuah gunung berapi di Provinsi Jawa Timur, Indonesia, yang tergolong aktif. Gunung ini berada di perbatasan antara Kabupaten Kediri, Kabupaten …",240,kelut bahasa jawa bahasa belanda sebut klut cloot kloet kloete buah rap provinsi jawa timur indonesia golong aktif ada batas kabupaten diri kabupaten,positif,positif
Fanny aulia,2 tahun lalu,Seru banget liat pemandangan  alam syegerr,42,seru banget liat pandang alam syegerr,positif,positif
ahmad izzul widad fahmi,7 tahun lalu,"Gunung Kelud (sering disalahtuliskan menjadi Kelut dalam bahasa Jawa; dalam bahasa Belanda disebut Klut, Cloot, Kloet, atau Kloete) adalah sebuah gunung berapi di Provinsi Jawa Timur, Indonesia, yang tergolong aktif. Gunung ini berada di …",239,sering disalahtuliskan jadi kelut bahasa jawa bahasa belanda sebut klut cloot kloet kloete buah rap provinsi jawa timur indonesia golong aktif ada,positif,positif
Richo daniel01,8 tahun lalu,"Tempat keren pemandangan indah sayang pas habis meletus pemandian air hangatnya masih belum bisa, keingit waktu sekolah subuh subuh kesana bela belain buat mandi air hangat nan menyehatkan kulit",194,keren pandang indah sayang pas habis letus mandi air hangat keingit waktu sekolah subuh subuh bela bain buat mandi air hangat nan sehat kulit,positif,positif
C-met Pletok,3 tahun lalu,Indah n bagus,13,indah n bagus,positif,positif
Astrid Herrmann,7 tahun lalu,Temporary closed from the west. But the gate is cut open and people go there. Impossible to get there by public transport. Nice view. Better option is to get a taxi to the east and hike up for three or four hours to the crater. The hike …,238,temporary closed from the west but the gate is cut open and people go there impossible to get there by public transport nice view better option is to get a taxi to the east and hike up for three or four hours to the crater the hike,positif,positif
Waahhyuuu Nn,Diedit 3 tahun lalu,Suatu keindahan yang dibanggakan warga sekitar dan luar💕 …,58,suatu indah bangga warga luar,positif,positif
Rudy Prayitno (Rudy SP),6 tahun lalu,"Gunung Kelud adalah salah satu gunung  Aktif di Indonesia yang masih terus tumbuh dan berkembang. Sebelum tumbuh besar dan tinggi, pada bagian keluarnya magma bisanya tersumbat oleh Lava yang membeku. Proses alami inilah yang menarik bahwa …",241,salah satu aktif indonesia terus tumbuh kembang tumbuh besar tinggi bagi keluar magma bisa sumbat lava beku proses alami ini tarik,positif,positif
Mustakul Sodin,4 tahun lalu,Saya berasal dari blitar saya swnang berkunjung karena saya sebagi pecinta alam muncak selalu mengajarkan untuk mencintai budaya alam.ke agungan sang yang widi wasa.,165,asal blitar swnang kunjung bagi cinta alam muncak selalu ajar cinta budaya alamke agung sang widi wasa,positif,positif
Ichwan Riyanto,Diedit 8 tahun lalu,"Akhir 2015 yang mengesankan. Dengan berboncengan bersama anak laki-laki, mengendarai sepeda motor Shogun 125, melakukan perjalanan dari Nganjuk ke gunung Kelud, Kediri. Route yang dilewati adalah : Nganjuk-Gudang Garam-Simpang Lima …",233,akhir kesan bonceng sama anak lakilaki kendara sepeda motor shogun laku jalan nganjuk diri route lewat nganjukgudang garamsimpang lima,positif,positif
Wendys Aldilla Rosa,5 tahun lalu,"Salah satu gunung yang bisa didaki sampai ke kawah. Terakhir kesini udah lama banget, 4 tahun yang lalu. Jalannya mulus, motor bisa dinaiki sampe atas, batas maksimal naik motor. Kalau naik mobil, batas maksimalnya agak ke bawah lagi jadi …",240,salah satu daki akhir kesini udah lama banget tahun lalu jalan mulus motor naik sampe atas batas maksimal naik motor naik mobil batas maksimal bawah,negatif,negatif
budi masrianto,7 tahun lalu,"Gunung api ini termasuk dalam tipe stratovulkan dengan karakteristik letusan
eksplosif . Seperti banyak gunung api lainnya di
Pulau Jawa , Gunung Kelud terbentuk akibat proses subduksi lempeng benua …",200,api masuk tipe stratovulkan karakteristik letus eksplosif banyak api lain pulau jawa bentuk akibat proses subduksi lempeng benua,positif,positif
Gito Bolo Dewe,6 tahun lalu,Banyak tempat wisata kalau menujuh gunung kelut,47,banyak tujuh kelut,positif,positif
Hakim Muhammad,8 tahun lalu,rindu alam dengan keindahanya...,32,rindu alam keindahanya,positif,positif
Muhammad Hanif,7 tahun lalu,So sad the place is closed because the main road is buried in rocks,67,so sad the place is closed because the main road is buried in rocks,positif,positif
sulhanz,7 tahun lalu,"Kapan ya mau kesini. Sejak erupsi 2014..sebelumnya udh pernah.  Pertama kali masih bisa mandi di kawah, sampe keluar anak kelud yang menutupi kawah... Cm liat dr kejauhan.",171,kapan mau kesini sejak erupsi belum udh pernah pertama kali mandi sampe keluar anak tutup cm liat dr jauh,negatif,negatif
Iriani Shofie,6 tahun lalu,"Jalanx sdh aspalan bagus dan hrs parkir kendaraan disitu kl mau jln gpp, kl mau ojek, menuju kawah Alhamdulillah sdh standby ojeknya tinggal byr nt kl sdh di lokasi murah ktn kita bs foto2 sepuasnya",198,jalanx sdh aspal bagus hrs parkir kendara situ kl mau jln gpp kl mau ojek tuju alhamdulillah sdh standby ojek tinggal byr nt kl sdh lokasi murah ktn bs foto puas,positif,positif
Flory Kristina,6 tahun lalu,salah satu keindahan dari Gunung Kelud adalah pemandangan yang tidak ada habisnya saat perjalanan memuncak . perbukitan hijau serta perkebunan nanas menjadi pemandangan yang bisa dilihat saat mendaki Gunung Kelud 😊 …,216,salah satu indah pandang habis jalan puncak bukit hijau kebun nanas jadi pandang lihat daki,positif,positif
Dini Fauziyyah,7 tahun lalu,Pemandangannya bagus hanya saja bukitnya ngga kliatan terlihat seperti tebing. Masuk ke kawah juga ngga selamanya orng bisa lihat karna bisa masuk itu d hari tertentu saja.,172,pandang bagus bukit ngga kliatan lihat tebing masuk ngga lama orng lihat karna masuk d hari tentu,positif,positif
Sarah Emil,4 tahun lalu,"Luar biasa indahnya pesona gunung kelut, dilihat dari arah manapun sungguh mempesona. Petugasnya jg baik sopan². Lokasi bersih tidak ada coret²an, bersih tidak ada sampat berserakan. Tiket terjangkau 10 rb, parkir mobil 5 rb. Ada mushola, …",240,luar biasa indah pesona kelut lihat arah mana sungguh pesona tugas jg baik sopan lokasi bersih coret an bersih sampat sera tiket jangkau rb parkir mobil rb mushola,positif,positif
ari purwantono,4 tahun lalu,Wisata Alam yang sangat aestetik.. Alam nya masih alami... Cuaca nya fresh.. Tiket terjangkau... Unt ojek juga tdk menguras dompet.. Dijamin memuaskan,150,alam sangat aestetik alam alami cuaca fresh tiket jangkau unt ojek uras dompet jamin muas,positif,positif
Almer Fawwaz,7 bulan lalu,Kalo mau makan nanas disini aja enak,36,kalo mau makan nanas sini enak,positif,positif
Eko Darmawan,6 tahun lalu,Bagus sayang bukanya jam 7 sampai jam 4 sore,44,bagus sayang buka jam jam sore,positif,positif
Lintang Dewi Agustin,2 tahun lalu,Kesini pas KKN dan emang sebagus itu,36,kesini pas kkn emang bagus,positif,positif
PETANI JAWA,setahun lalu,Baguus pemandaganya. Cumak di gunung yang gk ada fasilitas buat santai,70,baguus pemandaganya cumak gk fasilitas buat santai,positif,positif
horosha,6 tahun lalu,Gunung Kelud merupakan salah satu gunung berapi paling aktif di Indonesia. Letusan terakhir Gunung Kelud terjadi pada tahun 2014. Dampak berupa abu vulkanik pada tanggal 14 Februari 2014 dini hari dilaporkan warga telah mencapai Kabupaten …,240,rupa salah satu rap paling aktif indonesia letus akhir jadi tahun dampak upa abu vulkanik tanggal februari dini hari lapor warga capai kabupaten,positif,positif
usman maulana Ismail,5 tahun lalu,"Gunung berapi yang pernah meletus pada zaman pemerintahan Bpk Susilo Bambang Yudhoyono ini menarik sekali, selain pemandangannya yang indah dan hawa yg cukup sejuk juga angin yang cukup kencang. …",196,rap pernah letus zaman perintah bpk susilo bambang yudhoyono tarik pandang indah hawa cukup sejuk angin cukup kencang,positif,positif
Paijo Londho,4 tahun lalu,"Gunung Kelud memang luar biasa. Ketinggian 1731 MDPL. Parorama keindahan alam yang istimewa.
Lewat jalur wisata Kediri Sugihwaras. …",132,memang luar biasa tinggi mdpl parorama indah alam istimewa lewat jalur diri sugihwaras,positif,positif
Pak Tomy,3 tahun lalu,"Gunung Kelud tempat wisata yg asri  alami  perlu di lestarikan demi kenyamanan berwisata semoga ttp aman & terjaga ke Asrian nya,,,☝️👍 …",136,asri alami perlu lestari nyaman wisata moga ttp aman jaga asri nya,positif,positif
Ava Ulva,6 tahun lalu,"Pemandangannya sangat indah siapkan stamina untuk kesini karena selain nanjak udara juga dingin,jangan lupa pakai jaket",119,pandang sangat indah siap stamina kesini nanjak udara dinginjangan lupa pakai jaket,positif,positif
intan purnama sari,6 tahun lalu,"Pemandangan sepanjang jalan ke kawah kelud bagus banget, tp sayang cuma bisa naik ojek pangkalan atau motor pribadi walaupun sebenernya tidak disarankan naik motor pribadi karena jalannya cukup curam.  Kalo bisa harus motor gunung soalnya …",240,pandang panjang jalan bagus banget tp sayang cuma naik ojek pangkal motor pribadi walaupun sebenernya saran naik motor pribadi jalan cukup curam kalo motor soal,positif,negatif
Tegar Wahyudi,9 tahun lalu,keren seperti di gurun,22,keren gurun,positif,positif
Romy Al-Jimar,3 tahun lalu,"Di setiap keindahan menyimpan misteri.
""Yah Deket kok, nanjak dikit belok kiri, oh turun dikit belok kanan terus ke kiri lagi rada nanjak dan nyampe"" but the imagine not be like a reality. But this place is awesome and beautiful",228,indah simpan misteri yah deket nanjak dikit belok kiri turun dikit belok kanan terus kiri rada nanjak nyampe but the imagine not be like a reality but this place is awesome and beautiful,positif,positif
Anto Wijaya Anto Wijaya,7 tahun lalu,"Asyk buat selfi,jalan cukup menantang,
Ada rest area juga
Dari puncak akan terlihat viu yang indah bila cuaca cerah",115,asyk buat selfijalan cukup tantang rest area puncak lihat viu indah bila cuaca cerah,positif,positif
fatkhul hadi,7 tahun lalu,"Pertama kali ke sini langsung jatuh cinta
Ojek 50 K PP
Tempat makan minum murah standart gak mahal2 banget
Yang suka duren wajib mencoba enak banget dan ada nanas madu",167,pertama kali sini langsung jatuh cinta ojek k pp makan minum murah standart mahal banget suka duren coba enak banget nanas madu,positif,negatif
Otomotif Truck,7 tahun lalu,Terlalu indah untuk di ungkap kan,33,terlalu indah ungkap kan,positif,positif
Guruh Wahyu Pamungkas,setahun lalu,"Kelihatannya bagus dan indah, tpi saya belum pernah kesini.
Temen2 pernah kesini tpi nggak ngajak saya.
Hehe tpi gapapa, lain waktu saya bisa kesini",148,lihat bagus indah tpi pernah kesini temen pernah kesini tpi ngajak hehe tpi gapapa waktu kesini,positif,positif
Anggi Annastiti,4 tahun lalu,dari kecil di Kediri tapi baru ini ini aja main ke kelud,56,kecil diri baru main,positif,positif
Abyan Zaenal,3 tahun lalu,"Good recommended, wisaga gn berapi di antara kediri blitar, terdapat 2 cara oendakian bisa dengan hiking dan bertamasya ria",123,good recommended wisaga gn rap diri blitar dapat cara oendakian hiking tamasya ria,positif,positif
Retno Puji Rahayu,7 tahun lalu,"Recently, my friends and i went hiking to see the crater",56,recently my friends and i went hiking to see the crater,positif,positif
Noor,4 tahun lalu,wow...pemandangan naik ke kawah kelud menakjubkan...abang ojeknya ramah sopan....ayo jangan jauh2 kalau cari spot foto yang bagus...ke sini aja,143,wowpemandangan naik menakjubkanabang ojek ramah sopanayo jangan jauh cari spot foto baguske sini,positif,negatif
Fendy4all,5 tahun lalu,"Per Maret 2021 Wisata Gunung Kelud masih ditutup. Akses portal masuk parkiran mobil motor ditutup. Satu-satunya akses masuk menuju ke kawah atau non-kawah hanya menggunakan jasa ojek warga sekitar dengan tarif 50rb/orang (bukan weekend), …",239,per maret tutup akses portal masuk parkir mobil motor tutup satusatunya akses masuk tuju nonkawah guna jasa ojek warga tarif rborang bukan weekend,positif,positif
Arief Sirul,3 tahun lalu,"Bagus bnget,perjalanan ke kawah naik ojek 30 rbu prorng udah bolak balik,,aslinya jln kaki enk cuma waktu mepet jd ngojeki",122,bagus bngetperjalanan naik ojek rbu prorng udah bolak balikaslinya jln enk cuma waktu mepet jd ngojeki,positif,positif
Hendy Arif,5 tahun lalu,"Tempat yang indah. Berada di Kabupaten Kediri, Jawa Timur. Mudah ditempuh dengan perjalanan darat dari Kota Keidiri sekitar 1 jam. Pemandangannya menakjubkan. Cocok untuk wisata bersama teman, pasangan, atau keluarga. Ada banyak spot foto disini.",246,indah ada kabupaten diri jawa timur mudah tempuh jalan darat kota keidiri jam pandang takjub cocok sama teman pasang keluarga banyak spot foto sini,positif,positif
dkfna kim,7 tahun lalu,pemandangan bagus meskipun setelah erupsi. cocok untuk refreshing. setelah tempat parkir yg atas harus jalan kaki yg lumayan menguras tenaga.,141,pandang bagus meski erupsi cocok refreshing parkir atas jalan lumayan uras tenaga,positif,positif
Iyet Mieayam,8 tahun lalu,Siip dah pokoknya gunung Kelud,30,siip dah pokok,positif,positif
Iwan Nisaburi,4 tahun lalu,"Serasa lewat di atas awan begitulah kesan pertama lewat jalan menuju gunung kelud,, sangat indah sekali,, ada tempat kemah nya juga lho",135,serasa lewat atas awan begitu kesan pertama lewat jalan tuju sangat indah kemah lho,positif,positif
rahmat syarif,7 tahun lalu,Dulu cuma bisa di daki lewat jalur pendakian.. Tapi sekarang mobil pun bisa naik sampe puncak.. Hanya berjalan sedikit,118,dulu cuma lewat jalur daki mobil naik sampe puncak jalan sedikit,positif,negatif
Fatchur Rozi,6 tahun lalu,Gunung dengan pemandangan yang sangat indah tetapi dalam perjalanan menuju puncak gunung ini tidak terdapat sumber air yang bisa dikonsumsi oleh manusia.,153,pandang sangat indah jalan tuju puncak dapat sumber air konsumsi manusia,positif,positif
Abdul Mutaali Balmukhtar Al-Idrisi Al-Hasani,6 tahun lalu,"perlu dilakukan reboisasi terutama pada bukit bukit dan lereng yang gundul, agar tidak terjadi longsor dan air yang tumpah dari langit ketika musim hujan tidak langsung membanjiri lembah, perlu pohon yang akarnya kuat menyimpan air, seperti pohon beringin",255,perlu laku reboisasi utama bukit bukit lereng gundul jadi longsor air tumpah langit musim hujan langsung banjir lembah perlu pohon akar kuat simpan air pohon beringin,positif,positif
andik eka,4 tahun lalu,"Selain untuk beribadah masjid Songo juga banyak kegiatan2 keagamaan lainya seperti pengajian, terbang Banjar dll..",114,ibadah masjid songo banyak giat agama lai aji terbang banjar,positif,positif
Sayo Yonasta,4 tahun lalu,"Wisata gunung yang eksotis.....sudah 5x aku kesana,dari sebelum meletus era 2000an sampai dua kali letusan yang memunculkan anak kelud,situasi sekarang setelah anak kelud hilang belum pernah kesana lagi!",203,eksotissudah x kesanadari letus era an kali letus muncul anak keludsituasi anak hilang pernah,positif,positif
Rakhiel Marsaullina,7 tahun lalu,Destinasi wisata di kabupaten kediri yg semakin berbenah diri..bagus tempatnya..merupakan gunung aktif dimana anak kelud terus tumbuh dan tahun 2014 anak kelud tersebut meletus dan material anak kelud habis dan efek letusannya abu nya …,236,destinasi kabupaten diri makin benah diribagus tempatnyamerupakan aktif anak terus tumbuh tahun anak sebut letus material anak habis efek letus abu,positif,positif
SJM Tech,2 tahun lalu,"Bagus banget tempatnya, udaranya sejuk, terbaik dikediri, terutama tempat² makan dan penjual buahnya ramah dan harganya super murah",131,bagus banget tempat udara sejuk baik diri utama tempat makan jual buah ramah harga super murah,positif,positif
ILYAS,9 tahun lalu,"Pada 10 Februari 2014, Gunung Kelud dinaikkan statusnya menjadi Siaga dan kemudian pada tanggal 13 Februari pukul 21.15 diumumkan status bahaya tertinggi, Awas (Level IV). Hanya dalam waktu kurang dari dua jam, pada pukul 22.50 telah terjadi letusan pertama tipe ledakan (eksplosif)",282,februari naik status jadi siaga kemudian tanggal februari pukul umum status bahaya tinggi awas level iv waktu kurang jam pukul jadi letus pertama tipe ledak eksplosif,negatif,negatif
Sri Kusumaningrum,3 tahun lalu,Salah satu wisata favorite ketika belajar bahasa Inggris di Pare. Paling seru kesana bareng temen temen kelas kemudian beli nanas dijalan. Dari parkiran ke kawah sekitar 20-40 menit dengan jalan kaki. Bisa juga dengan ojek motor kisaran 50 …,241,salah satu favorite ajar bahasa inggris pare paling seru bareng temen temen kelas kemudian beli nanas jalan parkir menit jalan ojek motor kisar,positif,positif
mbemmbem oon,7 tahun lalu,"Salah satu gunung teraktif di indonesia,produk unggulannya nanas dg harga yg sangat terjangkau.akses menuju sini sangat mudah,banyak wahana wisata yg di tawarkan.untuk tiket masuknya pada weekend per orang 10 rb..",213,salah satu aktif indonesiaproduk unggul nanas dg harga sangat terjangkauakses tuju sini sangat mudahbanyak wahana tawarkanuntuk tiket masuk weekend per orang rb,positif,positif
yohan wijaya,4 tahun lalu,Masih tutup ppkm..,18,tutup ppkm,positif,positif
Aafif Syaifullah,setahun lalu,worth it bgt buat yang pgn muncak tapi track nya mulus,54,worth it bgt buat pgn muncak track mulus,positif,positif
Enji Adi Purwanto,8 tahun lalu,"Gunung Kelud adalah gunung aktif yang mempunyai ketinggian 1.731 Mdpl, gunung Kelud terletak diantara Blitar, Kediri dan Malang. Untuk akses pendakian gunung Kelud ini saya lebih suka jalur pendakian gunung Kelud via Desa Tulungrejo Kec. …",239,aktif punya tinggi mdpl letak antara blitar diri malang akses daki lebih suka jalur daki via desa tulungrejo kec,positif,positif
Nayla gbL,4 tahun lalu,Kawah gunung kelud .. beautiful 😊 …,35,beautiful,positif,positif
Yuda Rohmadani,5 tahun lalu,banyak tempat keren di atas. perjalanan menuju ke kawah lumayan terjal tapi asik,80,banyak keren atas jalan tuju lumayan terjal asik,positif,positif
Riska Faida,Diedit 5 tahun lalu,Pemandangannya bagus banget masih asri banget.. Enak bngt kalau ksana. Pasti bakal ketagihan kayak q.,101,pandang bagus banget asri banget enak bngt ksana bakal tagih kayak q,positif,positif
Alif Rahmadani,7 tahun lalu,"Gunung Kelud adalah salah satu gunung berapi yang masih aktif di Jawa timur, gunung yang menyajikan pesona alam di sekitarnya dan masih alami dan sejuk, cocok buat kalian yang ingin libur mendaki di kelud",204,salah satu rap aktif jawa timur saji pesona alam sekitar alami sejuk cocok buat kalian libur daki,positif,positif
Arsa Channel,7 tahun lalu,"Wisata yg mengasyikkan,walau utk samp puncak bth tenaga ekstra,tp setelah samp puncak,seakan terbayar sdh capeknya dg pemandangan yg di suguhkan.",145,mengasyikkanwalau utk samp puncak bth tenaga ekstratp samp puncakseakan bayar sdh capek dg pandang suguh,negatif,negatif
Dimas Fajarianto,5 tahun lalu,Tempat yang menarik untuk dikunjungi,36,tarik kunjung,positif,positif
Sutan Syahrul Ramadhan,8 tahun lalu,Dengan suasana sejuk dan hujan rintik2 menambah indah ny pemandangan ketika berada disana dan juga dapat mandi air panas d daerah bwah anak gunung,146,suasana sejuk hujan rintik tambah indah ny pandang ada sana mandi air panas d daerah bwah anak,positif,positif
Saila Alfiatin Nuha (Saila Alvi),9 tahun lalu,Gunung Kelud sangat indah. Subhanallah... Allahu Akbar ☝,56,sangat indah subhanallah allahu akbar,positif,positif
Mawar Ashila,6 tahun lalu,Tempatnya bagus sih dan bersih tapi sayang untuk ke puncak harus ngojek dulu padahal pengunjung membawa kendaraan sendiri.,122,tempat bagus bersih sayang puncak ngojek dulu padahal unjung bawa kendara sendiri,positif,positif
Good boy,7 tahun lalu,Masih alami Bekas letusan Gunung,32,alami bekas letus,positif,positif
Wemmy Ak,4 tahun lalu,Panorama Kawah Yang Indah Dan Jalur Pendakian Via Desa Tulungrejo Kab. Blitar Sangat Recommended.,97,panorama indah jalur daki via desa tulungrejo kab blitar sangat recommended,positif,positif
pronk 2002,9 tahun lalu,"kalau pas ga hujan dan pas panen nanas madu.. wuiih.. nanas madunya juara banget. ajiib banget. tanpa dicuci, tanpa gatal dimulut, dan tanpa rasa asam, manis thok. luar biasa. ajaib banget. recomended👍 …",203,pas hujan pas panen nanas madu wuiih nanas madu juara banget ajiib banget cuci gatal mulut rasa asam manis thok luar biasa ajaib banget recomended,positif,positif
Yudha A Setyawan,7 tahun lalu,"Gunung kelud yang berada di Kediri Jawa Timur ini terakhir meletus pada tahun 2007 lalu. Gunung ini menjadi obyek wisata menarik yang patut dikunjungi jika anda sedang liburan di kota Kediri, banyak kisah dan keindahan alam yang tersimpat …",240,ada diri jawa timur akhir letus tahun lalu jadi obyek tarik patut kunjung sedang libur kota diri banyak kisah indah alam simpat,positif,positif
Sutikno,6 tahun lalu,Liburan NataRu 2019 2020. Sangat ramai.,39,libur nataru sangat ramai,positif,positif
Nanang Sukistiyawan,6 tahun lalu,"Pemandanganx bagus, perlu ditambahkan lagi tempat2/pos area di dekat area kawah gunung kelud untuk menikmati suasana indahnya pemandangan alamnta",145,pemandanganx bagus perlu tambah tempatpos area dekat area nikmat suasana indah pandang alamnta,positif,positif
Victor Wardhana,7 tahun lalu,"Tempat wisata yang masih bisa berpotensi besar untuk dikembangkan ...  Tetap dipertahankan baik biaya masuk, harga makanan, serta kantong parkir di atas di perluas",163,potensi besar kembang tetap tahan baik biaya masuk harga makan kantong parkir atas luas,positif,positif
Satryo Widodo,4 tahun lalu,Tersedia ojek saat ingin ke puncak atau bisa gunakan motor untuk ke puncak,74,sedia ojek puncak guna motor puncak,positif,negatif
Ritma Wanti,setahun lalu,Tempatnya bagus tapi jalannya jauh mending naik ojek aja,56,tempat bagus jalan jauh mending naik ojek,positif,positif
Papa Ku,8 tahun lalu,Gak terlihat lagi,17,lihat,positif,positif
Myln Diana,8 tahun lalu,Sumpah indah banget pemandangannya. Nyegerin mata juga,54,sumpah indah banget pandang nyegerin mata,positif,positif
Prasetyo Hadi,7 tahun lalu,"Sengketa status kepemilikan Gunung Kelud telah terjadi sejak lama antara Kabupaten Kediri dan Kabupaten Blitar. Kedua belah pihak, baik Kabupaten Kediri maupun Kabupaten Blitar sama-sama mengklaim atas kepemilikan Gunung Kelud. Pada tahun …",240,sengketa status milik jadi sejak lama kabupaten diri kabupaten blitar dua belah pihak baik kabupaten diri maupun kabupaten blitar samasama klaim atas milik tahun,positif,positif
Iqbal Rosyid,7 tahun lalu,gunung kelud adalah sebuh gunung yang bersejarah gunung ini merupakan gunung aktif ......dan jikalau gunung ini meletus abu vulkaniknya pun bisa melesat jauh kemana mana.....tapi dibalik itu semua gunung ini memiliki puncak yang sangat indah dan di puncak gunung ini juga ada pemandian air hangat.,297,sebuh sejarah rupa aktif jikalau letus abu vulkaniknya lesat jauh manatapi balik semua milik puncak sangat indah puncak mandi air hangat,positif,positif
Azrul Ananda,8 tahun lalu,Dari ketinggian entah berapa MDPL ini kita bisa melihat betapa indahnya betapa gagahnya dan betapa agungnya ciptaan Tuhan ini.... Andaikan kita bisa mendengarkan rintihan pilu sang ALAM dengan keluh kesahnya tentang KITA yang lemah tetapi angkuh berdiri di atasnya.... Masihkah kita ingin mendengarkan rintihanya lagi ______ ?,326,tinggi entah berapa mdpl lihat betapa indah betapa gagah betapa agung cipta tuhan andai dengar rintih pilu sang alam keluh kesah lemah angkuh diri atas masih dengar rintihanya,positif,positif
Edy Winarto,8 tahun lalu,"Weekend naik gunung parkirnya terbatas, ada yg turun baru boleh naik.
Udara segar, viewnya elok, luar biasa nusantara ini.",122,weekend naik parkir batas turun baru naik udara segar viewnya elok luar biasa nusantara,positif,positif
Heri Susanto,8 tahun lalu,"Pada hari minggu pukul 08.50 WIB saya dan istriku ingin menuju ke puncak g.kelud, perjalanan ditempuh sekitar 2 jam dari desa rembang ke Ngancar bukit g.kelud,ingin naik ke puncak pas sampai di bukit tapi kondisi kendaraan gak dukung jadi …",240,hari minggu pukul wib istri tuju puncak gkelud jalan tempuh jam desa rembang ngancar bukit gkeludingin naik puncak pas bukit kondisi kendara dukung,positif,negatif
Djamal PP,2 tahun lalu,Tempat yang luar biasa untuk wisata keluarga dan temen sekolah maupun kantor. Sangat indah dengan fasilitas yang sangat memadai.,128,luar biasa keluarga temen sekolah maupun kantor sangat indah fasilitas sangat pada,positif,positif
Imam Nurcahyo,3 tahun lalu,Sebelum parkiran motor,22,parkir motor,positif,positif
A. Fanny Imadudin,7 tahun lalu,"Wisata alam yang populer di Kediri. Kita bisa menikmati pemandangan alam yang menakjubkan, dan menghirup udara segar di tempat ini.",131,alam populer diri nikmat pandang alam takjub hirup udara segar,positif,positif
Fathur Banter,7 tahun lalu,"Pemandangan alam yang indah, dan yg paling penting pastikan kondisi badan benar-benar sehat sebelum mendaki gunung tersebut.",124,pandang alam indah paling penting pasti kondisi badan benarbenar sehat daki sebut,positif,positif
1min SpongeBob,6 tahun lalu,"Gunung Kelud merupakan gunung yang berada terletak di Kediri, Blitar, dan Malang. …",83,rupa ada letak diri blitar malang,positif,positif
Oki Rizky,5 tahun lalu,Pas disini dapat bgt view nya bagus pol karena waktu kabutnya tidak setebal waktu pertama saya kesana cmn sygnya disini jgn lupa bawa persediaan air yg banyak ya karna untuk sumber airnya ada cmn medannya agak susah dan btuh waktu krg lebih 1 jam,246,pas sini bgt view bagus pol waktu kabut setebal waktu pertama cmn sygnya sini jgn lupa bawa sedia air banyak karna sumber air cmn medan susah btuh waktu krg lebih jam,positif,negatif
Uncle Bibob,setahun lalu,Kalau bisa bawa motor sendiri KENAPA harus gojek?....,53,bawa motor sendiri gojek,positif,positif
Bagus Rb,3 tahun lalu,Disana tempatnya sangat indah tapi sayang kemarin pas kesana cuma keliatan kabutnya doang yang tebal cuacanya juga lagi mendung,127,sana tempat sangat indah sayang kemarin pas cuma liat kabut doang tebal cuaca mendung,positif,positif
Endang Srigati,8 tahun lalu,"Bagi yang hobby mendaki,jalan menuju Kelud tidak masalah..cuma segera diperbaiki jalan yang berlobang biar nyaman dilewati..",124,hobby mendakijalan tuju masalahcuma segera baik jalan berlobang biar nyaman lewat,positif,positif
zahratul mawadah,7 tahun lalu,Disini kamu bakal ngerasain yang namanya kendaraan jalan sendiri tanpa ada bantuan bahan bakar..hehe.. …,104,sini bakal ngerasain nama kendara jalan sendiri bantu bahan bakarhehe,positif,positif
shinta gunawan,6 tahun lalu,Salah satu gunung yang termasuk mudah di tempuhnya apa lagi untuk pendakian maupun cuma berwisata menggunakan motor mobil,121,salah satu masuk mudah tempuh apa daki maupun cuma wisata guna motor mobil,positif,positif
Vivian Rezalia,8 tahun lalu,"Gunung Kelud via Tulungrejo, blitar. Terdiri dari 2 pos, punggungan bukit dan kawah kelud. Tidak ada sumber mata air. 2 hari cukup untuk pendakian maupun tiktok.",161,via tulungrejo blitar diri pos punggung bukit sumber mata air hari cukup daki maupun tiktok,positif,positif
Entos Sumarmoyo,2 tahun lalu,"Viewnya bagus, aksesnya bagus, sayang vespa saya nggak bisa sampek kawah..🤣🤣🤣 …",79,viewnya bagus akses bagus sayang vespa sampek kawah,positif,positif
mokhamad kifli,3 tahun lalu,⭐⭐⭐⭐⭐,5,,positif,positif
Fa Bian279,7 tahun lalu,"Gunung Kelud, adalah sebuah gunung berapi yang masih aktif dan terletak terletak di Kabupaten Kediri, tepatnya di perbatasan kabupaten Kediri dan Blitar, 27 Km dari arah timur kota Kediri. …",190,buah rap aktif letak letak kabupaten diri tepat batas kabupaten diri blitar km arah timur kota diri,positif,positif
gadget id,5 tahun lalu,"Sementara satu dulu ya.
Buat aparat yang berwenang tolong ditertibkan ya!!!
Wisata gunung kelud kan sedang ditutup karena korona. Jika anda berkunjung ke …",155,satu dulu buat aparat wenang tertib kan sedang tutup korona kunjung,positif,positif
UNIVERSAL CHANNEL,7 tahun lalu,"Destinasi yang wow untuk kita kunjungi di daerah kediri,yaitu gunung kelud.
Alam yang begitu masih sejuk dan tempat yang cocok untuk traveler yang ingin foto foto",162,destinasi wow kunjung daerah kediriyaitu alam sejuk cocok traveler foto foto,positif,positif
Ayu,7 tahun lalu,"Ada adrenalin track jeep yg recomendeed disini.... di sebelah kanan pintu masuk, kamu hatus coba ke puncak kelud naik jeep",122,adrenalin track jeep recomendeed sini belah kanan pintu masuk hatus coba puncak naik jeep,positif,positif
yoogha1725,7 tahun lalu,"Visited Kelud before eruption. The lake was bubbling, and this place is nice. Not so difficult to reach because the management provide stairs and track to follow to the crater. But I don't know how it looks like after eruption.",227,visited before eruption the lake was bubbling and this place is nice not so difficult to reach because the management provide stairs and track to follow to the crater but i dont know how it looks like after eruption,positif,positif
Bibi Wahyu Citra,4 tahun lalu,"Gak pernah sampe ke puncaknya sih, cuma main main aja di lerengnya. View nya kece banget.",89,pernah sampe puncak cuma main main lereng view kece banget,positif,positif
Purnomo Skh,6 tahun lalu,"Foto2 koleksi sy,sdh usaha sy tampilkan,dimana itu foto sy ambil sejak danau kawah masih ada yg bgtu luas dan ada perahu karet jg didanau,.sblm muncul anak gunung ditengah danau thn 2007 dan sblm anak gunung yg muncul ditengah danau kawah …",240,foto koleksi sysdh usaha sy tampilkandimana foto sy ambil sejak danau bgtu luas perahu karet jg didanausblm muncul anak tengah danau thn sblm anak muncul tengah danau,positif,positif
Kreasi Era,3 tahun lalu,"sejuk dan terawat, keren pengelolanya, banyak fasilitas tambahan yg kekinian...",79,sejuk awat keren kelola banyak fasilitas tambah kini,positif,positif
indah 07,4 tahun lalu,Sungguh luar biasa ciptaan yg maha kuasa... perlu trus di jadwalkan hiking kesana lagi n lagi.   View yg menawan,112,sungguh luar biasa cipta maha kuasa perlu trus jadwal hiking n view tawan,positif,positif
Francisca Leny,4 tahun lalu,"Sejak meletus berapa th yg lalu banyak perubahan, akses jalannya bagus cm kalua mau ke lokasi lebih baik naik ojeg karna jauh & jalan menajak",141,sejak letus berapa th lalu banyak ubah akses jalan bagus cm kalua mau lokasi lebih baik naik ojeg karna jauh jalan tajak,positif,negatif
Ina Wati,4 tahun lalu,"Pemandangan bgs, baik untuk menguji kekuatan goweser krn tanjakannya ekstrim.",77,pandang bgs baik uji kuat goweser krn tanjak ekstrim,positif,positif
Leobardus 18,6 tahun lalu,"Sudah mulai berbenah lagi setelah 6 tahun yang lalu mengeluarkan amarahnya, sekarang juga mulai banyak taman2 disepanjang jalan menuju Gn Kelud",143,mulai benah tahun lalu keluar amarahnya mulai banyak taman panjang jalan tuju gn,positif,positif
anthony rifki,7 tahun lalu,"tempat yang bagus untuk berwisata bersama keluarga, untuk bisa melihat kawah diperlukan perjalanan agak jauh tapi terbayar ketika melihat kawahnya",146,bagus wisata sama keluarga lihat perlu jalan jauh bayar lihat kawah,positif,positif
SyahraNf,setahun lalu,Bagus,5,bagus,positif,positif
Imam safi 1602,7 tahun lalu,"Salah satu destinasi bagi para pecandu ketinggian, walaupun tidak terlalu tinggi gunung ini mempunyai medan tracking yang cukup membuat kaki lelah, seperti kebanyakan gunung gunung yang mempunyai jarak pendakian yang pendek, maka jalurnya pun akan di penuhi tanjakan, jadi harus penuh persiapan mental dan fisik untuk dapat ke kawah nya.",337,salah satu destinasi candu tinggi walaupun terlalu tinggi punya medan tracking cukup buat lelah banyak punya jarak daki pendek jalur penuh tanjak penuh siap mental fisik,negatif,negatif
sadgas,6 tahun lalu,tempat yang bagus..karena kita bisa melihat kawah dri atas... dan jalur pendakian bisa lewat blitar...,102,baguskarena lihat dri atas jalur daki lewat blitar,positif,positif
Adhi Permana,setahun lalu,"Pemandangan sangat indah, hawa sejuk dan dingin",47,pandang sangat indah hawa sejuk dingin,positif,positif
Batman,8 tahun lalu,Pemandangan sangat bagus. Cuaca sejuk. Dingin jika hujan.. bisa mandi di kolam air panas. Outbond. Dll,102,pandang sangat bagus cuaca sejuk dingin hujan mandi kolam air panas outbond,positif,positif
King Karebet,2 tahun lalu,Pemandangan sangat bagus sdh main kesini berkali kali tp ttp ngangeni. Mantap,77,pandang sangat bagus sdh main kesini kali kali tp ttp ngangeni mantap,positif,positif
Afin M,5 tahun lalu,"Tempat yg selalu bikin kangen, sejuk, pemandangan bagus, cocok buat yg hobby foto dengan background pemandangan alam...",119,selalu kangen sejuk pandang bagus cocok buat hobby foto background pandang alam,positif,positif
Antoxbldw 2,7 tahun lalu,Keren treknya bervariasi jd ngga ngebosenin benar seperti yg dikatakan tour guide nya (via Karangrejo),102,keren trek variasi jd ngga ngebosenin benar kata tour guide via karangrejo,positif,positif
Ronaldus E. kanjar,setahun lalu,"Tempatnya adem banget, keren buat foto foto",43,tempat adem banget keren buat foto foto,positif,positif
Dio Rama,4 tahun lalu,"Htm nya brapa ya , tolong kasih tau lurd , sama mau tanya apa ke area kawah wajib ngojek , ga boleh jalan kaki ??????",117,htm brapa kasih tau lurd sama mau tanya apa area ngojek jalan,positif,positif
Vicky Zaynul Firmansyah,7 tahun lalu,Bagus. Tpi sebaiknya akses jalan menuju puncak gunung dari blitar diperbaiki. Karena sangat tidak aman(rusak),109,bagus tpi baik akses jalan tuju puncak blitar baik sangat amanrusak,positif,positif
Riza Eka Silvia,Diedit 8 tahun lalu,Nyesel nggak sampe' ke puncaknya,32,nyesel sampe puncak,positif,positif
Allvice Juminten,3 tahun lalu,Ga sampai puncak tp pemandangan bagus banget ma syaa Allah,58,puncak tp pandang bagus banget ma syaa allah,positif,positif
lisser adventure,7 tahun lalu,"santai dulu. untuk tour bromo, open trip tiap hari follow ig @lisseradventure. untuk photo kelud lainya cek ig @ed.sanjaya",122,santai dulu tour bromo open trip tiap hari follow ig photo lai cek ig sanjaya,positif,positif
Bayu Sari,6 tahun lalu,Tempatnya sejuk dan pemandangannya indah,40,tempat sejuk pandang indah,positif,positif
Boy kitchen,6 tahun lalu,Perjalanan sedikit melelahkan tp semua itu terbayar dengan keindahan kawah gunung kelud,87,jalan sedikit lelah tp semua bayar indah,positif,positif
Ilfi Rokhmani,9 tahun lalu,"All I can is,I wanna spend my days here ❤",41,all i can isi wanna spend my days here,positif,positif
Malik Aziz,8 bulan lalu,Majestic of kelud 🔥 …,21,majestic of,positif,positif
Atika Laila Rahmatillah,5 tahun lalu,"Sangat indah
Is the best pkoknya😘 …",35,sangat indah is the best pkoknya,positif,positif
Ismeianto GionoAdi,6 tahun lalu,"I went there by motorbike from Pare. I spent about two hours. And continue sumit by ojek. It 40 thousand rupiah vice versa.
The scinery is amazing. The Crater is green and the weather was just find.
But remember don'be too late. It closed at 4 pm.",247,i went there by motorbike from pare i spent about two hours and continue sumit by ojek it thousand rupiah vice versa the scinery is amazing the crater is green and the weather was just find but remember donbe too late it closed at pm,positif,positif
Ogy Hermawan,2 tahun lalu,Udah kesini beli tiket tapi jam masuk dibataasi jadi saya tidak bisa naik.. Kecewa skalli udah naik tinggal dkit ga boleeh masuk trs beli tiket ini buaat apa????,161,udah kesini beli tiket jam masuk dibataasi naik kecewa skalli udah naik tinggal dkit boleeh masuk trs beli tiket buaat apa,negatif,negatif
Maisyarah Khz,4 tahun lalu,"Perjalan yang sangat menyenangkan ,, wisata alam gunung yg mudah untuk di kunjungi",82,jalan sangat senang alam mudah kunjung,positif,positif
ana auliya,7 tahun lalu,"Pertama kali ke gunung ya ke gunung Kelud ini, baru Minggu kemarin kesana. Perjuangan banget bisa sampe sana, meskipun gag sebagus dulu, tapi masih bisa bagus lah buat pengalaman pertama,,",188,pertama kali baru minggu kemarin juang banget sampe sana meski gag bagus dulu bagus buat alam pertama,positif,positif
ahmad mulyanto,5 tahun lalu,"Gunung Kelud terletak di dua wilayah kabupaten Kediri dan Blitar.
Gunung Kelud ini tergolong berapi aktif dan beberapa kali mengalami erupsi. Alam di sekitar gunung Kelud sangatlah indah dan subur. Rekomended banget buat di kunjungi",232,letak wilayah kabupaten diri blitar golong rap aktif beberapa kali alami erupsi alam sangat indah subur rekomended banget buat kunjung,positif,positif
Bambang Muljono,3 tahun lalu,"Tempat Wisata Pemandangan yg Apik, apalagi bila di tambahi fasilitas Aula utk tempat duduk santai menikmati pemandangan Pegunungan",130,pandang apik bila tambah fasilitas aula utk duduk santai nikmat pandang gunung,positif,positif
haidar ali ID,8 tahun lalu,"Banyak orang jual nanas di bawah. Di atas pemandangannya indah, tetapi banyak kabut yang menyelimuti. Cukup dingin dan sejuk.",125,banyak orang jual nanas bawah atas pandang indah banyak kabut limut cukup dingin sejuk,positif,positif
Yulianto,Diedit 6 tahun lalu,"Gunung Kelud adalah gunung berapi bersifat explosive. Setelah meletus beberapa tahun silam, salah satu objek wisata andalan Kabupaten Kediri adalah Gunung Kelud , semakin banyak dikunjungi wisatawan baik domestik maupun mancanegara. …",234,rap sifat explosive letus beberapa tahun silam salah satu objek andal kabupaten diri makin banyak kunjung wisatawan baik domestik maupun mancanegara,positif,positif
Dwi,Diedit 2 tahun lalu,Sejenak bersantai luangkan waktu di alam bebas dengan seduhan kopi panas,72,jenak santa luang waktu alam bebas seduh kopi panas,negatif,negatif
Rahma Rizki,5 tahun lalu,a very amazing place with a fresh panorama in the eyes surrounded by thick and cold fog to make things more comfortable. a trip full of inclines is not an obstacle.,164,a very amazing place with a fresh panorama in the eyes surrounded by thick and cold fog to make things more comfortable a trip full of inclines is not an obstacle,positif,positif
ONLY SUB INDO,3 tahun lalu,Tempat wisata langganan sangat suka dgn pemandangan alamnya. Tp sayang skali untuk kali ini dikecewakan dgn attitude oknum di penjualan tiket. Begitu santainya mempermalukan saya didepan org bnyak dan karyawan lainnya dgn melontarkan …,235,langgan sangat suka dgn pandang alam tp sayang skali kali kecewa dgn attitude oknum jual tiket santai malu depan org bnyak karyawan lain dgn lontar,positif,positif
Surya bin soeradji,4 tahun lalu,"msh setengah perjalanan,...",27,msh tengah jalan,positif,positif
farida khoir,6 tahun lalu,Pemandangan yang bagus😍 eksotis Indonesia🤗 …,44,pandang bagus eksotis indonesia,positif,positif
Mom Andar,8 tahun lalu,pemandangan bagus dan udara sejuk. siapkan stamina karena harus mendaki dr tempat parkir,88,pandang bagus udara sejuk siap stamina daki dr parkir,positif,positif
Winda arja,5 tahun lalu,"Pemandangan sangat bagus, hanya saja toilet umum tidak berfungsi lagi",69,pandang sangat bagus toilet umum fungsi,positif,positif
Andrik Kusbianto,6 tahun lalu,Gak bosan bolak-balik kesini 👍 …,32,bosan bolakbalik kesini,positif,positif
Rizaldi,3 tahun lalu,"Indah, tapi jika mau masuk ke Kelud motor gabisa masuk harus ngojek ke ojek situ dengan harga lumayan tinggi",108,indah mau masuk motor gabisa masuk ngojek ojek situ harga lumayan tinggi,positif,positif
Sendi Tristyan,7 tahun lalu,Keren sekali tempatnya..,24,keren tempat,positif,positif
Nahisa HS.,4 tahun lalu,"-Biaya ojek relatif mahal.
-Tidak tersedia warung diatas kawah kelud.
+Tersedia jasa foto",89,biaya ojek relatif mahal sedia warung atas sedia jasa foto,negatif,negatif
Shaffiani Nurul Fajar,7 tahun lalu,"MasyaAllah...
Bisa dicapai dengan motor hingga batas parkiran teratas, tapi medan nya cukup menanjak.",101,masyaallah capai motor hingga batas parkir atas medan cukup tanjak,positif,positif
Mufti Kusuma Adi,7 tahun lalu,Gunung & Pemandangan nya indah. Klo kesini sekalian mampir ke rumah makan sate bekicot depan polsek plosoklaten. Recommended lah. Mantapp..,139,pandang indah klo kesini sekali mampir rumah makan sate bekicot depan polsek plosoklaten recommended mantapp,positif,positif
Febby Imelda,6 tahun lalu,"Sekarang sudah banyak perubahan kayak jalannya uda di beton. Selalu rame di kunjungi , gak pernah bosen",103,banyak ubah kayak jalan uda beton selalu rame kunjung pernah bosen,positif,positif
Rafli Ramadhan,Diedit 6 tahun lalu,Enak banget pemandangan nya. Ada ojeknya juga jadi aman kalo lelah,66,enak banget pandang ojek aman kalo lelah,positif,positif
gempol colopot 87,8 tahun lalu,Pemandangan yang memanjakan mata....,36,pandang manja mata,positif,positif
Ganang Aditama,8 tahun lalu,"beautiful landscape with so unique active volcano. we should walk to reach the creater. for some people, that was difficult but, for other people, its easy because we only walk in aspahlt.",188,beautiful landscape with so unique active volcano we should walk to reach the creater for some people that was difficult but for other people its easy because we only walk in aspahlt,positif,positif
Yoyok Waluyo,3 tahun lalu,👍👍👍👍 …,6,,positif,positif
Ris Delasta,8 tahun lalu,Sayang nya br di buka jam 7 pagi. Tidak d izinkan camping karena aktivitas gunung aktif,87,sayang br buka jam pagi d izin camping aktivitas aktif,positif,positif
Evan Gepeng Trip,8 tahun lalu,"Keren banget tempatnya 😊
Saya dari Magelang Jawa Tengah , kebetulan lagi berkunjung di Wisata Gunung Kelud dapet kenalan cewek sini,  😄sudah di kasih ig nya tapi saya lupa karena kecapekan 😂 ,,  yg kenal sama cewek ini kasih tau saya ya 😊 …",240,keren banget tempat magelang jawa tengah betul kunjung dapet kenal cewek sini sudah kasih ig lupa cape kenal sama cewek kasih tau,positif,positif
indojaya solution,setahun lalu,Alhamdulillah Daihatsu Ceria berhasil naik ke atas  💪 …,55,alhamdulillah daihatsu ceria hasil naik atas,positif,positif
Novan Arif,setahun lalu,Menyala🔥 …,10,nyala,positif,positif
sport ch,7 tahun lalu,Jalannya bagus. Hanya saja kalau jarang ada toilet. Dan jalan menuju kawah masih di tutup,89,jalan bagus jarang toilet jalan tuju tutup,positif,positif
Asaadah Ida,8 tahun lalu,"Indah,menakjubkan,ada bukit teletubbies,taman hamok,rumah belanda,goa,air hangat,kawah,buah nanas murah mulai harga Rp.500",122,indahmenakjubkanada bukit teletubbiestaman hamokrumah belandagoaair hangatkawahbuah nanas murah mulai harga rp,positif,positif
Pagon Prakoso,sebulan lalu,Mantap,6,mantap,positif,positif
Adam Wisnu,6 tahun lalu,"Gunung kelud adalah salah satu gunung aktif di pulau Jawa, tepatnya di Jawa Timur, terbagi menjadi dua kabupaten yaitu kabupaten Kediri dan Kabupaten Blitar. Untuk mejunu ke Gunung Kelud bisa menggunakan sepeda motor atau pun mobil tetapi …",240,salah satu aktif pulau jawa tepat jawa timur bagi jadi kabupaten kabupaten diri kabupaten blitar mejunu guna sepeda motor mobil,positif,positif
Andi Nurdiansyah,6 tahun lalu,Pengalamab buruk .  Tiket udah beli tapi ga boleh naik sampe kawah kelud .. Sehrusnya ada pemberituan di bawah,110,pengalamab buruk tiket udah beli naik sampe sehrusnya itu bawah,negatif,negatif
dwi yuni,7 tahun lalu,"cocok buat pendaki pemula, medannya gak terlalu berat dan asik untuk adventure.",79,cocok buat daki mula medan terlalu berat asik adventure,positif,positif
Siska Octavia Andreas,4 tahun lalu,tempat yg sangat indah dan sejuk untuk dikunjungi dikala sore hari,66,sangat indah sejuk kunjung kala sore hari,positif,positif
Nav,8 tahun lalu,salah satu tempat wisata yang ada di kediri. tempatnya yang sejuk dan indah mengundang banyak wisatan untuk datang,114,salah satu diri tempat sejuk indah undang banyak wisatan datang,positif,positif
Pontjo Sri Santoso,9 tahun lalu,"Gunung kelud , banyak misteri alamnya, enak buat rekreasi, murah habis, penduduk lokalnya ramah , pokoknya siiiips dulurs",121,banyak misteri alam enak buat rekreasi murah habis duduk lokal ramah pokok siiiips dulurs,positif,positif
Syamsul Arifin,4 tahun lalu,Pengalaman treknya yang sangat luar biasa menarik. Terutama via Karangrejo,74,alam trek sangat luar biasa tarik utama via karangrejo,positif,positif
RES_ BHANU,Diedit 7 tahun lalu,"Mantap, kepengen lagiiii",24,mantap ken lagiiii,positif,positif
Akasma Oriana,6 tahun lalu,Dulu pernah kesini sebelum meletus... sekarang belum kesana lagi dan belum tau bagaimana gunung kelud sekarang..  yang pasti tempat ini tuh bagus banget,152,dulu pernah kesini letus tau bagaimana tuh bagus banget,positif,positif
Gusti putri,6 tahun lalu,"Meskipun pernah meletus dg sahsyat beberapa tahun lalu, namun letusan itu tidak mengurangi keindahan dari gunung kelud. Meskipun sedikit gersang, tidak seperti sebelumnya.",171,meski pernah letus dg sahsyat beberapa tahun lalu letus kurang indah meski sedikit gersang belum,positif,positif
Dimas Prakasa,4 tahun lalu,masih banyak tempat nongkrong atau kopi disepanjang jalan menuju gunung kelud yang tutup.,89,banyak nongkrong kopi panjang jalan tuju tutup,positif,positif
AdheCandra15,4 tahun lalu,"Gunung Kelud merupakan salah satu gunung paling aktif di Indonesia. Gunung Kelud terletak di antara Kabupaten Kediri, Kabupaten Blitar dan Kabupaten Malang, Jawa Timur. Gunung Kelud berjenis stratovolcano atau gunung api aktif berbentuk …",238,rupa salah satu paling aktif indonesia letak kabupaten diri kabupaten blitar kabupaten malang jawa timur jenis stratovolcano api aktif bentuk,positif,positif
Nano Nana,6 tahun lalu,wisata andalan kediri raya,26,andal diri raya,positif,positif
Ali Stuff,8 tahun lalu,View nya bagus sekali,21,view bagus,positif,positif
Ester Wijayanti,4 tahun lalu,Memanjakan mata banget... Hawa bersahabat... Sejuk.. g usah takut makanan murah meriah...👍 …,92,manja mata banget hawa sahabat sejuk g usah takut makan murah riah,positif,positif
Dukun Motor,6 tahun lalu,"Kurang rekomendasi,, masuk bayar mahal mau foto aja dipersulit suruh bayar ngemis2 buat beli pecel.mau ke puncak haruss ngojek 50k jalan kakii di tutup gerbang nyaa .klo gk boleh foto + jalan2 mending tutup aja tuh gunung,,,,buat pribadi …",239,kurang rekomendasi masuk bayar mahal mau foto sulit suruh bayar ngemis buat beli pecelmau puncak haruss ngojek k jalan kaki tutup gerbang nyaa klo gk foto jalan mending tutup tuh gunungbuat pribadi,negatif,negatif
Ribka Suparsih,9 tahun lalu,"Ya jln menantang sih,  tempat lumayan sayang kurang menikmati aj krn banyak debu dn kdg berawan",95,jln tantang lumayan sayang kurang nikmat aj krn banyak debu dn kdg awan,negatif,negatif
Hafidz AG,10 bulan lalu,"Mantapp pokoknya, yang suka tantangan wajib ke sini😁 …",54,mantapp pokok suka tantang sini,positif,positif
Ikhsanudin Al Faruq,6 tahun lalu,Nuansa'a yg keren tu' di ambil fotho dri manapun dan udara'a jga g' terlalu dingin ^ jdi y enk juga tu' refresing kluarga,121,nuansaa keren tu ambil fotho dri mana udaraa jga g terlalu dingin jdi y enk tu refresing kluarga,positif,positif
Madani Najul,6 tahun lalu,Pemandangan yng indh saat saya pergi baru hujan.Bagus untuk foto2 krna bnyk kabut ny,84,pandang yng indh pergi baru hujanbagus foto krna bnyk kabut ny,positif,positif
zafrina Karina,6 tahun lalu,"Tempat wisata gunung kelud yang terletak di antara blitar dan kediri, mudah dijangkau, jalur lumayan mudah, ongkos masuk murah serta banyak wisata lain yang sejalur dengan wisata gunung kelud, seperti wisata kapung durian, taman, kampung …",239,letak blitar diri mudah jangkau jalur lumayan mudah ongkos masuk murah banyak jalur kapung durian taman kampung,positif,positif
Rizky Wahyu,3 bulan lalu,Zeus bless you,14,zeus bless you,positif,positif
Fredy Ya,4 tahun lalu,"Gunung Kelud di Kediri, Jawa Timur meletus sekitar pukul 22.50 WIB kemarin. Ribuan warga Kediri dan sekitarnya pun diungsikan demi menghindari hal-hal yang tak diinginkan. Gunung ini terakhir meletus pada tahun 2007 lalu. …",223,diri jawa timur letus pukul wib kemarin ribu warga diri sekitar ungsi hindar halhal ingin akhir letus tahun lalu,positif,positif
Amelia Dwi Lestari,4 tahun lalu,Best place to visit,19,best place to visit,positif,positif
Errv,3 tahun lalu,Rute mudah . Jln lmyn bagus mudah djngkau . Hanya Rambu2 jln mnuju lokasi tidak bgtu jelas . Tapi kesemuanya akan terbayar oleh indahnya pmndangn,145,rute mudah jln lmyn bagus mudah djngkau rambu jln mnuju lokasi bgtu jelas semua bayar indah pmndangn,positif,positif
Slamet Cok_0805,8 tahun lalu,Gunung kelud memang mempunyai segudang keindahan yang bisa anda nikmati. Terletak sekitar 30 Km dari pusat Kota Kediri,118,memang punya gudang indah nikmat letak km pusat kota diri,positif,positif
Ayudewi Yanti,4 tahun lalu,"The view is amazing, but unfortunately the vehicle can't get to the top like it used to and have to take a motorcycle taxi.",123,the view is amazing but unfortunately the vehicle cant get to the top like it used to and have to take a motorcycle taxi,positif,positif
Cipulska 24,8 tahun lalu,"tempat yg indah, sejuk.
sayang pas sampek puncak udh ga bis lihat kawah yg dulu",79,indah sejuk sayang pas sampek puncak udh bis lihat dulu,positif,positif
Roni Aja,2 tahun lalu,Luar biasa bagusnya,19,luar biasa bagus,positif,positif
Agiel A Dharmawan,8 tahun lalu,Salah satu destinasi wisata yang wajib dikunjungi bila berkunjung ke kediri. Jalan ke wisata sudah sangat nyaman aspal,118,salah satu destinasi kunjung bila kunjung diri jalan sangat nyaman aspal,positif,positif
FJ Saputra,4 tahun lalu,pengalaman gowes,16,alam gowes,positif,positif
Rudi Hariono,7 bulan lalu,Kenangan tk terlupakan.,23,kenang tk lupa,positif,positif
Sholehudin Udin,8 bulan lalu,Tempatnya sejuk pol,19,tempat sejuk pol,positif,positif
Puji Widodo,3 tahun lalu,Setiap gunung memiliki sensasi pemandangan yg indah/menakjubkan.,64,milik sensasi pandang indahmenakjubkan,positif,positif
yohan nanda,2 tahun lalu,Good sip... Rocomended,22,good sip rocomended,positif,positif
Suradi & Mufti,5 tahun lalu,"Gunung kelud adalah sebuah gunung berapi di jawa timur tergolong aktif.gunung ini Sejak tahun 1000 Masehi, telah meletus lebih dari 30 kali, letusan terakhir pada tahun 2014. Gunung ini berada di kabupaten kediri. Kabupaten Blitar. Kabupaten malang. Kalau sekarang lagi protokol kesehatan",288,buah rap jawa timur golong aktifgunung sejak tahun masehi letus lebih kali letus akhir tahun ada kabupaten diri kabupaten blitar kabupaten malang protokol sehat,positif,positif
bayu vs everybody,3 tahun lalu,"Emang sih harus naik ojek, sebagian ojeknya ramahada juga orang yg kasar..",74,emang naik ojek bagi ojek ramahada orang kasar,positif,positif
Sakura Aprilia,2 tahun lalu,Sangat senang sekali...belajar sejarah sekaligus berwisata...,61,sangat senang sekalibelajar sejarah sekaligus wisata,positif,positif
Cindy Dewi,Diedit 7 tahun lalu,"Panas sih, saya sarankan jgn lupa pakai topi jika kesini biar tidak silau,.  😀😀😀 udara nyaman karena bebas polusi,. …",117,panas saran jgn lupa pakai topi kesini biar silau udara nyaman bebas polusi,positif,positif
Meraki,9 tahun lalu,"Gunung kelud. Kalau kesini lebih ke arah rekreasi, bukan pendakian yg menantang loh ya, tp asik juga kok.",105,kesini lebih arah rekreasi bukan daki tantang loh tp asik,positif,positif
Dinatayan Day,2 tahun lalu,Meletusnya gunung ini pd th 1901 bersamaan dg lahirnya Bung Karno. Subhanallah...,81,letus pd th sama dg lahir bung karno subhanallah,positif,positif
Jaim- Production.com,6 tahun lalu,PENAMPAKAN GUNUNG KELUD,23,tampak,positif,positif
mrifqy Kurniawan,2 bulan lalu,Bagus,5,bagus,positif,positif
Arega Askur,5 tahun lalu,Jangan lupa jalan'' kesini ya tempatnya bagus pemendangan yg sangat indah mempesona 😀👍 …,88,jangan lupa jalan kesini tempat bagus dang sangat indah pesona,positif,positif
Retjeh Channel,4 tahun lalu,"Mungkin baru buka krn ada pandemi, byk yg kurang terurus.
Tp udara nya di sana sejuk👍👍 …",88,mungkin baru buka krn pandemi byk kurang urus tp udara sana sejuk,positif,positif
Amiin Rais,6 tahun lalu,"Pd thn 2014, Gn Kelud ini sempat menggemparkan sebagian wilayah di Indonesia (terutama di wilayah Pulau Jawa) karena letusannya yg sabgat dahsyat. Meski gunung ini berlokasi di Kediri (Jatim), abu letusannya menyebar sampai Bandung (Jabar).",240,pd thn gn sempat gempar bagi wilayah indonesia utama wilayah pulau jawa letus sabgat dahsyat meski lokasi diri jatim abu letus sebar bandung jabar,positif,positif
Ruth Guinevere Nadira Suyanto,7 tahun lalu,Tempat nya bagus pemandangan alamnya sangat indah sudah 10kali lebih kesini dan gak pernah bosan,96,bagus pandang alam sangat indah kali lebih kesini pernah bosan,positif,positif
Aji Supangkat,4 tahun lalu,"My familys favorite place to hange up, fresh air and beatiful landscape. You can to the kelud peak with hiking or ojeg with profesional ojeker.",143,my familys favorite place to hange up fresh air and beatiful landscape you can to the peak with hiking or ojeg with profesional ojeker,positif,positif
edo ode,3 tahun lalu,"sblm covid batas parkir masih diatas / 1-3 km ke kawah (lokasi foto"" bagus banget hanya turun dari motor HTM 22rb menikmati pemandangan) …",138,sblm covid batas parkir atas km lokasi foto bagus banget turun motor htm rb nikmat pandang,positif,positif
Fairuz Milkiy,7 tahun lalu,Pemandangannya bagus banget. Sayang saya gak dibolehkan liat kawahnya,69,pandang bagus banget sayang boleh liat kawah,positif,positif
Arfan Muhammad,3 tahun lalu,Bagus banget hanya saja fasilitas di dekat kawah masih kurang,61,bagus banget fasilitas dekat kurang,positif,positif
heru roo,4 tahun lalu,"Jalan ke arah gunung kelud jika dari arah kediri kota lumayan bagus,sebagian jalan aspal sebagian jalan beton tapi hampir 90 persen cukup bagus,pengelolaan area wisata nya pun cukup baik,dengan biaya masuk per orang 10 rb,cukup murah.dengan …",242,jalan arah arah diri kota lumayan bagussebagian jalan aspal bagi jalan beton hampir persen cukup baguspengelolaan area cukup baikdengan biaya masuk per orang rbcukup murahdengan,positif,positif
Yurika Kusuma Wardani,8 tahun lalu,"Tempat ini benar-benar seru, dengan harga tiket yang terjangkau kita sudah bisa menikmati berbagai fasilitas yang telah disediakan.",131,benarbenar seru harga tiket jangkau nikmat bagai fasilitas sedia,positif,positif
Farty Aldrin,2 tahun lalu,pegunungan yang sangat dingin dan pemandangannya yang sangat bagus d daerah pegunungan,86,gunung sangat dingin pandang sangat bagus d daerah gunung,positif,positif
Vicky Soun,2 bulan lalu,Siip,4,siip,positif,positif
Nerzi Zel,6 tahun lalu,Pemandangan yang indah,22,pandang indah,positif,positif
YRS Keliling-keliling,7 tahun lalu,Subhanalloh. Apik bgt.,22,subhanalloh apik bgt,positif,positif
Andri Suryadi,5 tahun lalu,Dari parkir kendaraan menuju danau kawah ditempuh melalui ojek,62,parkir kendara tuju danau tempuh lalu ojek,positif,positif
Achmad Bilal Hamdani,7 tahun lalu,Pemandangan bagus. Banyak destinasi dan wahana wisata. Seperti one stop destination gitu lah.,93,pandang bagus banyak destinasi wahana one stop destination gitu,positif,positif
Maulana,6 tahun lalu,"Suasana asri, sampai ke puncak bisa dilalui kendaraan bermotor (ojek motor)",75,suasana asri puncak lalu kendara motor ojek motor,positif,positif
Muhammad Choirul Huda,setahun lalu,Muncak via karangrejo mantab,28,muncak via karangrejo mantab,positif,positif
Dimas Kurniawan,6 tahun lalu,tempat yang sangat indah sejuk dan saat di  sini suasana nya tenang dan pemandangan luar biasa,94,sangat indah sejuk sini suasana tenang pandang luar biasa,positif,positif
segianto 39,7 tahun lalu,Udah meletus jadi mudah. ke puncak nya...debu nya jadi pupuk.. penduduk dapat pasir gratis..jadi segala sesuatu ada hikmah nya...🤓🤓🤓 …,134,udah letus mudah puncak nyadebu pupuk duduk pasir gratisjadi segala hikmah nya,positif,positif
Nyate KAMBING Skuyy (BANG KIKI HWI),7 tahun lalu,"Gunung kelud
Memiliki berjuta rahasia dan keindahan
Klw ke kediri jangan lewatkan moment anda yg bahagia
Dengan mengunjungi tempat yg indah ini",143,milik juta rahasia indah klw diri jangan lewat moment bahagia unjung indah,positif,positif
Novita Dwi Kristanti,4 tahun lalu,wisata gunung kelud per oktober 2021 ini apakah sudah dibuka kembali?,69,per oktober buka,positif,positif
Arya Pamungkas,6 tahun lalu,👍🏾 …,4,,positif,positif
Dika Wahyudi,8 tahun lalu,"Setelah meletus perubahan sangat banyak akses parkir, dan tempat toilet dll jadi kurang memadai",95,letus ubah sangat banyak akses parkir toilet kurang pada,negatif,negatif
P. Ayung,6 tahun lalu,Tmptnya bagus udaranya dingin klo lgi kbut seperti hujan joss pokoke,68,tmptnya bagus udara dingin klo lgi kbut hujan joss pokoke,positif,positif
Dimas Renaldi Angkawijaya,8 tahun lalu,Pemandangannya bagus,20,pandang bagus,positif,positif
Karel,5 tahun lalu,"Gunung Kelud tutup Sampai tahun baru, bupati nya gk bener emang, padahal sudah new normal.",90,tutup tahun baru bupati gk bener emang padahal new normal,positif,positif
Yusuf Adi,8 tahun lalu,"G Kelud. Pemandangan nan amat indah. Karakter Gunungnya yg unik,a.at beda dg G Api yg lain.",91,g pandang nan indah karakter gunung unikaat beda dg g api,positif,positif
fafa,setahun lalu,"butuh healing?! buruan kunjungi gunung kelud.
sejuk, asri, dan bersih",69,butuh healing buru kunjung sejuk asri bersih,positif,positif
Lutvi Yulian,10 bulan lalu,Pernh ndaki kesini bersama nizar,32,pernh ndaki kesini sama nizar,positif,positif
defender_t3,6 tahun lalu,"Sudah baik jalannya halus sampai kawah,meskipun tidak d bibir kawah...mantap...",79,baik jalan halus kawahmeskipun d bibir kawahmantap,positif,positif
Adam Adam (Adam),7 tahun lalu,Tempat yang indah.. dan pemandangan yang bagus. Meski Beberapa tahun lalu pernah erupsi. Namun sekarang kembali di buka untuk umum..,132,indah pandang bagus meski beberapa tahun lalu pernah erupsi buka umum,positif,positif
Uun Fatmawati,4 tahun lalu,Tambahin shopping center dan tempat nongkrong atau ngopi di atas spertinya lebih menarik..,90,tambahin shopping center nongkrong ngopi atas spertinya lebih tarik,positif,positif
MMCNews tv,3 tahun lalu,Puncak Kelud tour MMC,21,puncak tour mmc,positif,positif
Ponadi Ponadi,2 tahun lalu,"Slhstu wisata dngn pemandangan yang indah,menakjubkan",53,slhstu dngn pandang indahmenakjubkan,positif,positif
Studio 13 Stationery Production,8 tahun lalu,"Wisata alam pegunungan gunung kelud,  hawanya sejuk segar,  dan banyak fasilitas lainnya.",89,alam gunung hawa sejuk segar banyak fasilitas lain,positif,positif
amink vespa,6 tahun lalu,Bagus banget view nya,21,bagus banget view,positif,positif
rika monika,7 tahun lalu,Meskipun gak naik sampai puncak pemandangannya sudah bagus,58,meski naik puncak pandang bagus,positif,positif
ababil BF (Kanono),8 tahun lalu,"Setau saya gunung ini masuk wilayah kediri dah bukan belitar... Tolong ada yang bisa jelasin???
Batu hitam di kawahnya udah hilang ya...",136,tau masuk wilayah diri dah bukan belitar jelasin batu hitam kawah udah hilang,positif,positif
SJL PROlas,5 tahun lalu,Sangat indah,12,sangat indah,positif,positif
Norma Maharani,3 tahun lalu,"kalo pengen liat yang ijo2 bisa banget dateng kesini, tiket masuknya murah pula",79,kalo ken liat ijo banget dateng kesini tiket masuk murah,positif,positif
hanz kuyt,6 tahun lalu,Pemandangannya bagus...,23,pandang bagus,positif,positif
Jeje S,4 tahun lalu,"di google maps berada di blitar, sebenarnya yang salah googlenya apa pemerinta?",79,google maps ada blitar benar salah googlenya apa pemerinta,positif,positif
Hastin,4 tahun lalu,Beautifull place 👍🏻😍 …,22,beautifull place,positif,positif
Silvester Take,8 tahun lalu,"Good view, easy to reach go  there by motorbike. Cilok taste is good. Still under tunnel rehabilitation.",104,good view easy to reach go there by motorbike cilok taste is good still under tunnel rehabilitation,positif,positif
Ryan Pratama,3 tahun lalu,"Pemandangan yang sangat indah, dengan suasana yang sejuk.",57,pandang sangat indah suasana sejuk,positif,positif
Mirza Febri,8 tahun lalu,"Sumpah tempat ini bener bener favorit dr gunung gunung yg pernah sy datangi. Buat kalian yg mau cari gunung lagi, ini ini recomended bgt dr akuu",144,sumpah bener bener favorit dr pernah sy datang buat kalian mau cari recomended bgt dr akuu,positif,positif
Hady Prasetyo,7 tahun lalu,Mantap ga perlu repot jalan kaki naik motor sampai puncak,57,mantap perlu repot jalan naik motor puncak,positif,positif
didot 04,8 tahun lalu,"Karya tuhan memang sangat indah
Meletusnya gn. Kelud memang bencana dan musibah
Selain itu menghasilkan keindahan yang sangat sangat indah
Terimakasih tuhan",156,karya tuhan memang sangat indah letus gn memang bencana musibah hasil indah sangat sangat indah terimakasih tuhan,positif,positif
cloud evil,3 tahun lalu,👍👍👍 …,5,,positif,positif
Alek Wicaksono,7 tahun lalu,Wisata murah kabupaten kediri,29,murah kabupaten diri,positif,positif
Pergi Kesini,8 tahun lalu,masih dalam perbaikan fasilitas. akses kawah masih tertutup. semoga cepat dibuka lagi.,86,baik fasilitas akses tutup moga cepat buka,positif,positif
Alam Syah,7 tahun lalu,Pemandangannya sangat alami terutama udaranya yg sejuk.,55,pandang sangat alami utama udara sejuk,positif,positif
Hermin Itsuki,7 tahun lalu,Rame banget ternyata banyak pengunjungnya. Itu karena memang pemandangannya yang luar biasa.,92,rame banget nyata banyak unjung memang pandang luar biasa,positif,positif
dinda ajeng,setahun lalu,"orang-orang sekitarnya ramah dan baik-baik semuaaa, masyaAllah",62,orangorang sekitar ramah baikbaik semuaaa masyaallah,positif,positif
Mudie Zocam,7 tahun lalu,"wisata yang sangat indah terbayar sudah sesampe disini,tempat yang sangat indah dan bagaikan surga dunia",104,sangat indah bayar sesampe disinitempat sangat indah bagai surga dunia,positif,positif
Yuni Pramita,5 tahun lalu,Memorized,9,memorized,positif,positif
pendaki siput RO6,5 tahun lalu,Perjalanan xg lumayan capek trbayar dengan pemandngan luar biasa,64,jalan xg lumayan capek trbayar pemandngan luar biasa,negatif,negatif
Rooney FTV (Rooney),3 tahun lalu,Destinasi wisata alam yg terletak di wilayah kediri-blitar.,59,destinasi alam letak wilayah kediriblitar,positif,positif
anas barokah,9 tahun lalu,Subhanallah!!! Gunung kelud memang sangat indah dari kejauhan maupun dekat banyak orang yang berkunjung ke sana untuk berwisata,127,subhanallah memang sangat indah jauh maupun dekat banyak orang kunjung sana wisata,positif,positif
Novy Adrianto,7 tahun lalu,Biar ga jadi sengketa berkepanjangan dan adil gunungnya dibelah jadi 2 saja separuh Blitar separuh Kediri,105,biar sengketa panjang adil gunung belah paruh blitar paruh diri,positif,positif
Alwin Bejo,setahun lalu,View bagus.. Buat healing sama keluarga,39,view bagus buat healing sama keluarga,positif,positif
07.Amelia Nufrida,3 tahun lalu,"Bagus banget pemandangan nya
Kelud bikin candu😭🥰 …",50,bagus banget pandang candu,positif,positif
Mela Wijaya,8 tahun lalu,Wisata omah londo di lereng gunung kelud sport foto bagus dan unik rekomend deh buat kalian 😄😄😄 …,97,omah londo lereng sport foto bagus unik rekomend buat kalian,positif,positif
devy wulansari,7 tahun lalu,Masuk bayar per orang dan parkir.. parkir di kampung coklat bayar lagi.. parkir di kampung durian bayar lagi,108,masuk bayar per orang parkir parkir kampung coklat bayar parkir kampung durian bayar,positif,positif
Ikhlaashul Muaasyiqiin,7 tahun lalu,Mantap pemandangannya,21,mantap pandang,positif,positif
riska alfiani,7 tahun lalu,"Beautiful scenery with breeze and you can spend your weekend in this place, I think this is the good choice to enjoy your time with your lovely person.",151,beautiful scenery with breeze and you can spend your weekend in this place i think this is the good choice to enjoy your time with your lovely person,positif,positif
agus m,4 tahun lalu,banyak cerita sejarah di gunung ini dan mudah di jangkau dengan kendaraan,73,banyak cerita sejarah mudah jangkau kendara,positif,positif
Arief Nur Setyady,8 bulan lalu,sangat indah,12,sangat indah,positif,positif
Rizqimuhadli Sutarno,2 tahun lalu,Dingin dan pemandangan indah saat tak ada kabut,47,dingin pandang indah kabut,positif,positif
Erdi Widiyanto,4 tahun lalu,"Tanjakan mendebarkan, hawa sejuk. Nyaman untuk nyantai",54,tanjak debar hawa sejuk nyaman nyantai,positif,positif
GAME DAY,5 tahun lalu,Bikin takjub,12,takjub,positif,positif
Ullya Nurulblitar,2 tahun lalu,Tiket perorang brapa naik ojek e brapa,38,tiket orang brapa naik ojek e brapa,positif,negatif
Pri Ambodo Cipto Trisnowati,setahun lalu,Tempat yang memiliki cerita dan kenangan,40,milik cerita kenang,positif,positif
Aris Adi P,7 tahun lalu,"Wisata alam gunung berapi yang masih aktif, sangat sejuk diatas",63,alam rap aktif sangat sejuk atas,positif,positif
Damn Nugroho,4 tahun lalu,"Info dong apakah gunung Kelud udah buka,? Klik membantu jika sudah buka...trims",79,info udah buka klik bantu bukatrims,positif,positif
M. A. Gofur. I. C,9 tahun lalu,Salah satu gunung yang aktif di Indonesia,41,salah satu aktif indonesia,positif,positif
Suwiji Wiji,4 tahun lalu,Mantab sussana alami bisa berbicara dengan alam ciptaan Alloh SWT.,66,mantab sussana alami bicara alam cipta alloh swt,positif,positif
Rere Bubu,4 tahun lalu,Kawasan wisata yang tak pernah bosan untuk dikunjungi saat dikediri,67,kawasan pernah bosan kunjung diri,positif,positif
Percetakan Restu jaya (Bpk. Arifin & Ibu Selvi),2 tahun lalu,"Obat penat, sejuk, tenang, asri, makanan murah.bagus pemandangan nya.",69,obat penat sejuk tenang asri makan murahbagus pandang,positif,positif
Eyik Pamuji,2 tahun lalu,👍 …,3,,positif,positif
Dodit Haris,setahun lalu,Pemandangan yang alami dan suasana sejuk,40,pandang alami suasana sejuk,positif,positif
Nayla Ramadhani,5 tahun lalu,"Sangat menikmati keindahan alam ini🖤🇲🇨🙏
30,12,2020 …",52,sangat nikmat indah alam ini,positif,positif
J,3 tahun lalu,Very beautiful.,15,very beautiful,positif,positif
Yusuf Ajhaa._,3 tahun lalu,"Bagus , Tapi Tidak Disarankan Bila 𝙃𝙐𝙅𝘼𝙉 karena Potensi 𝙇𝙊𝙉𝙂𝙎𝙊𝙍 Dan Jalan Nya 𝙇𝙄𝘾𝙄𝙉 . …",87,bagus saran bila potensi jalan,positif,positif
muhammad ali maftuh,8 tahun lalu,Di lokasi ini banyak mendapatkan ilmu. Mulai dari tukang ojek. Tukang foto bahkan tukang juru parkir,100,lokasi banyak dapat ilmu mulai tukang ojek tukang foto bahkan tukang juru parkir,positif,positif
Reggy Annisa,6 tahun lalu,"Keren sekali, asik untuk dijadikan tempat menikmati indahnya alam",65,keren asik jadi nikmat indah alam,positif,positif
dermawan hidayat,4 tahun lalu,Aku pernah masa kecil kesitu dingin banget loh apa lagi aku deket gunung itu,76,pernah masa kecil kesitu dingin banget loh apa deket,positif,positif
Annette S N,2 tahun lalu,Masa naiknya hrus pake ojek mana mahal lg stres,47,masa naik hrus pake ojek mana mahal lg stres,negatif,negatif
B O S S,4 tahun lalu,Wisata Tutup kok nggak diKasih Informasi dimaps,47,tutup kasih informasi dimaps,positif,positif
SEGAR KAPALA,5 tahun lalu,Sampai pech suara dan kiltan gumung ini pas meletus 'trlihat sampai radius 70km. Q KERTOSONO JATIM,98,pech suara kiltan gumung pas letus trlihat radius km q kertosono jatim,positif,positif
Galuh Candra,4 tahun lalu,"Wajib naik ojek, dan mahal ongkosnya",36,naik ojek mahal ongkos,negatif,negatif
PAJERO TRIP 789,8 tahun lalu,Masa tenggang gunung ini sekitar 25th siap meletus lagi,55,masa tenggang th siap letus,positif,positif
anang mustofa,6 tahun lalu,Gak ada fasilitas buat duduk santai...,38,fasilitas buat duduk santai,positif,positif
Siti Burhan,6 tahun lalu,Apik,4,apik,positif,positif
Shane Lee,5 tahun lalu,Tutup.....,10,tutup,positif,positif
anang suhandoko,5 tahun lalu,HARI INI DITUTUP TOTAL SAMPAI BATAS WAKTU TIDAK DITENTUKAN.,59,hari tutup total batas waktu tentu,positif,positif
Luqman Hakim Mahardhika,8 tahun lalu,Tempat ini bukan punya blitar tapi punya kediri jawa timur,58,bukan punya blitar punya diri jawa timur,positif,positif
Siti Noor Jannah,8 tahun lalu,Aku sangat suka dengan keindahan alam,37,sangat suka indah alam,positif,positif
Heri Anto,3 tahun lalu,Rupanya Alam nya masih asri,27,rupa alam asri,positif,positif
iziziz Day,2 tahun lalu,Ojek ohh ojekkk,15,ojek ohh ojekkk,positif,positif
tian septyan,2 tahun lalu,Kurang menyenagkan,18,kurang menyenagkan,negatif,positif
Khasanah Dwi,8 tahun lalu,Karena saya nggak tau kesana,28,tau,positif,positif
Ennylis Wiyani,7 tahun lalu,Wah keren sekali,16,wah keren,positif,positif
Wahyu “Toyota Auto2000 Blitar”,6 tahun lalu,"Keren indah, dan banyak preman",30,keren indah banyak preman,positif,positif
Budi Elp,4 tahun lalu,wisata tutup,12,tutup,positif,positif
Tahu Goreng,3 tahun lalu,Mahal tarif,11,mahal tarif,negatif,positif
Eni Kurniati,2 tahun lalu,Morning  lagu,13,morning lagu,positif,positif
Azz Zr,2 minggu lalu,"Ini bangun jalannya pake uang tukang ojek kah? 🤣 kok kendaraan pengunjung tidak boleh sampai kawah, padahal motor gw lebih bagus dari si ojek yang motornya bodong🤣🤣 …",166,bangun jalan pake uang tukang ojek kendara unjung padahal motor gw lebih bagus si ojek motor bodong,positif,positif
Willi Cardozo,3 hari lalu,Seorang teman melihat sesuatu di daerah itu yang disebut Ibu Gogo atau semacamnya. …,84,orang teman lihat daerah sebut ibu gogo macam,positif,positif
Jiehad Mbelink,2 hari lalu,"Sudah 3x kesini sebelum dan sesudah meletus, suasananya lebih enak yg dulu motor bisa sampai parkiran puncak, kalo sekarang ada tukang ojek yg sedia mengantarkan pengunjung",172,x kesini letus suasana lebih enak dulu motor parkir puncak kalo tukang ojek sedia antar unjung,positif,positif
Willi Cardozo,3 hari lalu,"Seorang teman melihat sesuatu di daerah itu yang disebut Ibu Gogo atau semacamnya.

Tahun 2027 seharusnya menjadi tahun ekspedisi besar ke daerah itu.",150,orang teman lihat daerah sebut ibu gogo macam tahun jadi tahun ekspedisi besar daerah,positif,positif
Agis Eomma Keun,6 hari lalu,"Akses mudah, scenery luar biasa. Setiap tahun kesini, numani.",61,akses mudah scenery luar biasa tahun kesini numani,positif,positif
Monique Laura Sabrina,seminggu lalu,gacor bgttt tracknya kelud via karangrejo:),43,gacor bgttt tracknya via karangrejo,positif,positif
Rahmat Ibrahim,Diedit seminggu lalu,"Setelah sekian lama akhirnya balik lagi ke Sini, sekarang tepatnya semakin bagus dan terawat, sama ada fasilitas toilet di sekitar kawah dan ini cukup membantu sekali",166,sekian lama akhir balik sini tepat makin bagus awat sama fasilitas toilet cukup bantu,positif,positif
dijay brian,seminggu lalu,"Gunung Kelud adalah salah satu gunung berapi paling aktif di Indonesia, letusan terakhirnya terjadi pada tahun 2014 …",117,salah satu rap paling aktif indonesia letus akhir jadi tahun,positif,positif
Dewi Retno,seminggu lalu,Sekarang kalo ke kawah tak perlu capek sudah ada kang parkir. Buat PP 30k lumayan worth it krn kita di tungguin sampai puas meliat keindahan. Sehat sehat semua 💙 …,163,kalo perlu capek kang parkir buat pp k lumayan worth it krn tungguin puas liat indah sehat sehat semua,positif,positif
Odink Kumi,seminggu lalu,Subhanallah adem pikiran kesana aksesnya mudah jalan nya indah dan Wenak.....,77,subhanallah adem pikir akses mudah jalan indah wenak,positif,positif
Pipiet Wibawanto,seminggu lalu,Pamdangan yg sangat eksotis,27,pamdangan sangat eksotis,positif,positif
Ahmad Dhimas,seminggu lalu,"Pemandangan Bintang 5
Ojek nya sangarr
Seru sih wajib kesini klau nyari pendakian",81,pandang bintang ojek sangarr seru kesini klau nyari daki,positif,positif
Syaa,seminggu lalu,Tempatnya bagus gayss aku suka banget mendaki disini kalau lagi jam kosong gitu dan suasananya juga bagus buat foto foto,120,tempat bagus gayss suka banget daki sini jam kosong gitu suasana bagus buat foto foto,positif,positif
Taufan Eka Ptasetya,seminggu lalu,Ke kawah harus naik ojek dan menggembirakan,43,naik ojek gembira,positif,positif
ARIE caKep,2 minggu lalu,Kalau ke Kediri mampirlah ke gunung Kelud. Liat pemandangan yang indah. Kawah dan puncak yang mempesona. Hanya 1 jam kurang lebih dari kota Kediri. Tempat parkir yang nyaman pegawainya juga ramah. Untuk ke puncak gunung bisa jalan kaki …,237,diri mampir liat pandang indah puncak pesona jam kurang lebih kota diri parkir nyaman pegawai ramah puncak jalan,positif,positif
M Fajar Aflah,2 minggu lalu,"Gunung Kelud merupakan salah satu destinasi wisata alam yang sangat indah di Jawa Timur. Pemandangannya luar biasa, terutama dari puncak kawah yang masih aktif dan memiliki daya tarik tersendiri. …",197,rupa salah satu destinasi alam sangat indah jawa timur pandang luar biasa utama puncak aktif milik daya tarik sendiri,positif,positif
Dave Gracia,3 minggu lalu,tangannya sispax,16,tangan sispax,positif,positif
Dhebie Zach,Diedit 3 minggu lalu,"Adem tempatnya, banyak warung2 yg buka hanya sayang unt jeep naik keatas sdh ditiadakan",87,adem tempat banyak warung buka sayang unt jeep naik atas sdh tiada,positif,positif
huzna,3 minggu lalu,Gunung Kelud memiliki area parkir yang cukup luas dekat kawasan wisata kawah. Pengunjung juga dapat menemukan toilet serta beberapa warung makan di sekitar lokasi. Untuk menuju kawah tersedia tangga yang cukup panjang namun jalurnya aman. Waktu tempuh dari area parkir menuju kawah biasanya sekitar 20–30 menit berjalan santai.,327,milik area parkir cukup luas dekat kawasan unjung temu toilet beberapa warung makan lokasi tuju sedia tangga cukup panjang jalur aman waktu tempuh area parkir tuju biasa menit jalan santai,positif,negatif
hasan udin,2 bulan lalu,Pemandangan indah dan sejuk.,28,pandang indah sejuk,positif,positif
Arshaka Wijaya,2 bulan lalu,Sangat dingin,13,sangat dingin,positif,positif
ERWIN ZP,Diedit 2 bulan lalu,Mantap,6,mantap,positif,positif
Bima Aditya,5 bulan lalu,-ku,3,ku,positif,positif
Tirta Rahmadanu,6 bulan lalu,👍👍👍👍👍👍👍👍👍👍🤩 …,13,,positif,positif
夏楓,6 bulan lalu,"Biaya masuk 8.000 + biaya sewa sepeda motor 3.000; jam buka 07:00-15:30. Semua kendaraan harus diparkir di tempat parkir yang berjarak sekitar 4 km dari gunung berapi, kemudian melanjutkan perjalanan dengan berjalan kaki atau membayar …",236,biaya masuk biaya sewa sepeda motor jam buka semua kendara parkir parkir jarak km rap kemudian lanjut jalan jalan bayar,positif,negatif
Mbak Rohmah,7 bulan lalu,😃 …,3,,positif,positif
Ruse Lan,8 bulan lalu,Siap,4,siap,positif,positif
SATRIA ARADHANA,9 bulan lalu,indah poll,10,indah poll,positif,positif
Andika Nurzamuden,9 bulan lalu,keren,5,keren,positif,positif
Devi Puspitasari,Diedit 9 bulan lalu,Sangat indah,12,sangat indah,positif,positif
Mohammad imbron Imbron,10 bulan lalu,buntu 5,7,buntu,positif,positif
Muhib bujazulilham,10 bulan lalu,Jayyid adalah karakter utamanya🔥 …,34,jayyid karakter utama,positif,positif
Bambang Hariono,10 bulan lalu,Panorama yang indah,19,panorama indah,positif,positif
Dhike Ardhian,11 bulan lalu,Jek ojek👎 …,11,jek ojek,positif,positif
Rika Rika,4 tahun lalu,semoga gunug kelud tidak meletus😘😘😘😘😘😘😘😘😘 …,43,moga gunug letus,positif,positif
maryuhen tri,8 tahun lalu,Akses ke lokasi air panas sulit n extreme,41,akses lokasi air panas sulit n extreme,negatif,negatif
Ridwan Kamil,2 tahun lalu,Tes dulu,8,tes dulu,positif,positif
kharom kungking,7 tahun lalu,Hadeww... Capeknya naik terbayarkan,35,hadeww capek naik bayar,negatif,negatif
Silet Mu,5 tahun lalu,Masih tutup atau sudah buka?,28,tutup buka,positif,positif
Zaenal Abidin,4 tahun lalu,Panas,5,panas,negatif,positif
RAKA21 GAMING,5 tahun lalu,Kevin,5,kevin,positif,positif
Tiok Prasojo,6 tahun lalu,Kurang rindang,14,kurang rindang,negatif,positif
Khoirul Adha,8 tahun lalu,Bagus,5,bagus,positif,positif
BL.O Record,7 tahun lalu,Bagus,5,bagus,positif,positif
Mujianto Syeh,7 tahun lalu,Asalamualaikum,14,asalamualaikum,positif,positif
mas hamza,3 tahun lalu,di luar binasa,14,luar binasa,positif,positif
Adriyan Riyan,5 tahun lalu,Foto Pegunungan Kelud!,22,foto gunung,positif,positif
Che Ghofara,6 tahun lalu,Pereda kelelahan,16,reda lelah,negatif,positif
Syukron Muhammad,Diedit 7 tahun lalu,"Lumayan untuk melepas penat, jangan lupa beli nanas kalau lagi di kelud & jangan tawar harganya.",96,lumayan lepas penat jangan lupa beli nanas jangan tawar harga,positif,positif
Heri Widiyanto,7 tahun lalu,Mantab. Seandainya boleh naik bawa kendaraan makin ok.,54,mantab anda naik bawa kendara makin,positif,positif
Fachrul Maulana M,7 tahun lalu,"Saat saya ke sini tidak bisa masuk ke kawasan kawah, karena sedang berlangsung proyek terowongan",96,sini masuk kawasan sedang langsung proyek terowongan,positif,positif
tulusanc,3 tahun lalu,Wisata alam yg indah dan sangat indah ..,40,alam indah sangat indah,positif,positif
Dewi Agustin,2 tahun lalu,Udaranya adem bebbh nendang  .. Wajib bawa ayank 😅 …,52,udara adem bebbh nendang bawa ayank,positif,positif
Khusnul Hadi,9 tahun lalu,"Yah, capek doang. Gak cocok utk keluarga (anak2 dan orang tua kasian).",70,yah capek doang cocok utk keluarga anak orang tua kasi,positif,positif
Lina Yun,8 tahun lalu,"wowwwwww bagus banget ,cocok untuk dijadikan tempat selfi.",58,wo bagus banget cocok jadi selfi,positif,positif
ryschii (ferry),7 tahun lalu,Bulan depan berangkat dan ingin tau seberapa gregetnya gunung kelud,67,bulan depan berangkat tau berapa gregetnya,positif,positif
Danis 90 Wara.,3 tahun lalu,Ada kawah gunung berapi aktif 🌋🌋🌋 …,35,rap aktif,positif,positif
Yoyok Wahyu,5 tahun lalu,mantab....ekstrem dgn jalur tikusnya,36,mantabekstrem dgn jalur tikus,positif,positif
Yusuf SetiAwan,6 tahun lalu,Cuman sampai parkiran waktu itu,31,cuman parkir waktu,positif,positif
Monika Ruwaimana,7 tahun lalu,"Masih ditutup, padahal udah lama banget meletusnya",50,tutup padahal udah lama banget letus,negatif,negatif
Heru Prastio,8 tahun lalu,Mohon info apakah bisa sampai kawah?,36,mohon info,positif,positif
Afan Dzikrulloh,7 tahun lalu,"Belum Pulih....
Masih Perlu Banyak Renovasi....",47,pulih perlu banyak renovasi,positif,positif
Ashafa Zakia,Diedit 7 tahun lalu,Pengen kesini tapi sampai sekarang belum kesampaian. Hadehhh,60,ken kesini sampai hadehhh,positif,positif
Anton Suprapto,4 tahun lalu,Terlakasan juga main ke gunung kelud,36,terlakasan main,positif,positif
M.Rafi Vieri,6 tahun lalu,Keren tpi gunung kelud itu kab. Kediri,38,keren tpi kab diri,positif,positif
SDLFRM Official,6 tahun lalu,Dingin,6,dingin,positif,positif
am design,3 tahun lalu,Tanpa toilet...,15,toilet,positif,positif
Syaiful Achmad,6 tahun lalu,👍👍👍 …,5,,positif,positif
Wahyu Sudrajit,8 tahun lalu,Adem tenan yo,13,adem tenan yo,positif,positif
User Oppo04,9 tahun lalu,bgus bgt wisata ne,18,bgus bgt ne,positif,positif
Nizar Aditya,7 tahun lalu,Must improve for better service,31,must improve for better service,positif,positif
E. Widhiandoko,7 tahun lalu,One of active volcanos at Java,30,one of active volcanos at java,positif,positif
Ahmad Rian,3 tahun lalu,Tidak ada ulasan,16,ulas,positif,positif
Farouk Yufara,7 tahun lalu,nice mountain in kediri,23,nice mountain in diri,positif,positif
PERFECT DOCTORS,6 tahun lalu,Jalan yang menantang,20,jalan tantang,positif,positif
Muhammad Abdullah,2 tahun lalu,Bagus,5,bagus,positif,positif
Jen Tul,6 tahun lalu,Mantap.,7,mantap,positif,positif
M.Ridho Ridho,9 tahun lalu,Indah sekali,12,indah,positif,positif
Lanang Aditya Nugraha,8 tahun lalu,Unrecognized potential tourism spot,35,unrecognized potential tourism spot,positif,positif
Agus Luthfi,8 tahun lalu,Beautiful view!,15,beautiful view,positif,positif
Deph Yu Can,9 tahun lalu,kapan rene,10,kapan rene,positif,positif
achmada syamsir alam,7 tahun lalu,Lumayan,7,lumayan,positif,positif
Zak Qq,7 tahun lalu,Ok,2,,positif,positif
datebayo kun,6 tahun lalu,Amazing,7,amazing,positif,positif
Anissa Tri Wahyuni,Diedit 7 tahun lalu,Lagu ini benar-benar istimewa!!!,32,lagu benarbenar istimewa,positif,positif
Azriel Zanuar,4 tahun lalu,Pemandangan ketika naik ke puncak kawah sungguh keren.,54,pandang naik puncak sungguh keren,positif,positif
RiAl Rovkwr,9 tahun lalu,Sebuah gunung dengan pemandangan yang indah.,44,buah pandang indah,positif,positif
dedi 123,5 tahun lalu,RTV,3,rtv,positif,positif
Kusuma,setahun lalu,Saran saya kalau mau kesana lebih baik pagi hari,48,saran mau lebih baik pagi hari,positif,positif
Risky Joyo Seputro,8 tahun lalu,Mt Kelud near the city of Kediri is a nice opportunity to enjoy nature and having a walk in the crowded island of Java. The area provides good insights into vulcanic activities. Especially since an eruption kicked up a black hill inside the …,242,mt near the city of diri is a nice opportunity to enjoy nature and having a walk in the crowded island of java the area provides good insights into vulcanic activities especially since an eruption kicked up a black hill inside the,positif,positif
Eru,2 tahun lalu,Waktu yg tepat berkunjung pas musim. Panas!!,44,waktu tepat kunjung pas musim panas,negatif,negatif
farid iskandar,7 tahun lalu,Pemandangan bagus namun kurang sarana umum seperti tpilet dan sarana ibadah,75,pandang bagus kurang sarana umum tpilet sarana ibadah,positif,positif
khusni alfian,5 tahun lalu,"Rekomendasi buat naik nih, pengen banget 🤩 …",44,rekomendasi buat naik ken banget,positif,positif
susilo eni,8 tahun lalu,"Pemandangan alam sangat menarik, walaupun baru meletus",54,pandang alam sangat tarik walaupun baru letus,positif,positif
Adi Wong,8 tahun lalu,Satu2nya gunung yg bisa di akses dgn kendaraan,46,satu akses dgn kendara,positif,positif
Firdous Redfish,5 tahun lalu,Cocok buat pendaki pemula,25,cocok buat daki mula,positif,positif
fandy losgaria,8 tahun lalu,Keren,5,keren,positif,positif
Info Seputaran Blitar,6 tahun lalu,Wisata alam,11,alam,positif,positif
Laynin Iftitah,7 tahun lalu,Dulu pas meletus tahun 1990 kebetulan ibuk pas mau hamil saya😀😀😀 …,66,dulu pas letus tahun betul ibuk pas mau hamil saya,positif,positif
Sis “Satria lelana” Channel,Diedit 8 tahun lalu,Tempat yang bagus,17,bagus,positif,positif
Dwi wulandari,6 tahun lalu,Gunung kelud adalah gunung aktif yang berada di wilayah jawa timur,66,aktif ada wilayah jawa timur,positif,positif
EKO DANANG,4 tahun lalu,Gunung Kelud mempunyai ketinggian 1731 MDPL,43,punya tinggi mdpl,positif,positif
Mohamadashar Shodiqin,6 tahun lalu,Tempat nya indah tapi sayang masih ada yang kurang,50,indah sayang kurang,positif,positif
Pak Jemono,6 tahun lalu,Keren menakjubkan..bisa lihat kawah.,36,keren menakjubkanbisa lihat,positif,positif
A Min,7 tahun lalu,Good,4,good,positif,positif
Justin mahardani,6 tahun lalu,This crater is close to my mom's house so my mom  say it is dangerous however I don't like stronger craters or volcanoes,120,this crater is close to my moms house so my mom say it is dangerous however i dont like stronger craters or volcanoes,positif,positif
Yuda Giri,7 tahun lalu,Untuk sekarang masih belum bisa sampai kawah,44,,positif,positif
Gito Sbosa,6 tahun lalu,"Suasananya sejuk,pengen ksana lag",33,suasana sejukpengen ksana lag,positif,positif
Widodo Basuki Pare,8 tahun lalu,Pemandangan indah n udara segar,31,pandang indah n udara segar,positif,positif
Yasmine Aurl,8 tahun lalu,Good places,11,good places,positif,positif
Riza Yunan,8 tahun lalu,Tempat yang indah untuk dikunjungi,34,indah kunjung,positif,positif
Hidayatush Sholichah,6 tahun lalu,Bagus banget ayo ke kelud,25,bagus banget ayo,positif,positif
Reno Nezsya Z,5 tahun lalu,Sudah buka kah?,15,buka,positif,positif
Rohadi Hadi,3 tahun lalu,Mantab,6,mantab,positif,positif
Imam Bukhori,5 tahun lalu,Bersih dan bagus,16,bersih bagus,positif,positif
RIO PRATAMA,4 tahun lalu,okelah,6,oke,positif,positif
Ashar Roziqin,Diedit 7 tahun lalu,Gunung kelud keren 👍 …,22,keren,positif,positif
Rachmad Arifin (Nexays),Diedit 7 tahun lalu,diperbaiki pelayanannya,23,baik layan,positif,positif
nazril imam kautsar,5 tahun lalu,paket lengkap,13,paket lengkap,positif,positif
ribut djijono,4 tahun lalu,Sangat indah,12,sangat indah,positif,positif
Agus Gear,8 tahun lalu,Historic place..,16,historic place,positif,positif
cunin tou,9 tahun lalu,apik,4,apik,positif,positif
Mukhlis_ junaidi07,5 tahun lalu,Good place,10,good place,positif,positif
Shelvia Ariani,Diedit 7 tahun lalu,pemandangannya bagus meskipun harus jalan ke atas,49,pandang bagus meski jalan atas,positif,positif
Siska Dwi Agustin,7 tahun lalu,Sangat menarik ketika sampai di kawah,37,sangat tarik,positif,positif
DeviMayasari Amdkeb,8 tahun lalu,"Pemandangannya bagus, sayang sekali saya sampai di sana siang hari karena hujan sehingga saya tidak bisa melanjutkan perjalanan ke kawah. Perjalanan selanjutnya... ke kawah.",173,pandang bagus sayang sana siang hari hujan lanjut jalan jalan lanjut,positif,positif
Kakek ion,3 tahun lalu,"Saya melihatnya dari jauh (tempat saya dilahirkan....sangat indah, berbeda dengan tahun 1985.",93,lihat jauh dilahirkansangat indah beda tahun,positif,positif
Merry Puspita,3 tahun lalu,DILARANG MEMASUKI GUA SENDIRIAN,31,larang pasuk gua sendiri,positif,positif
Alfito Adi,Diedit 7 tahun lalu,Bantuan manakah yang Anda tolak?,32,bantu mana tolak,positif,positif
haru michi (rha),7 tahun lalu,Kawahnya telah hilang.,22,kawah hilang,positif,positif
Rohman man,3 tahun lalu,Mantaf,6,mantaf,positif,positif
adytia setiawan,7 tahun lalu,"Cantik, keren",13,cantik keren,positif,positif
Fakhruddin Abbas,6 tahun lalu,Uapikkkkk,9,uapikkkkk,positif,positif
suka suka,6 tahun lalu,Kamu sedang tidur.,18,sedang tidur,positif,positif
Diego Stevanus,7 tahun lalu,Jika,4,,positif,positif
veiros,4 tahun lalu,barbel tertulis,15,barbel tulis,positif,positif
Furi Haryana,9 tahun lalu,Ya,2,,positif,positif
Hindra Kurniawan,4 tahun lalu,Akses mudah. Ada ojek buat yg Ndak kuat tracking.,49,akses mudah ojek buat ndak kuat tracking,positif,positif
Cryp hau law,7 tahun lalu,"Pemandangan bagus sekali, bisa membuat otak fresh kembali",57,pandang bagus buat otak fresh,positif,positif
Arya Pradana,6 tahun lalu,Gak akan nyesel kesini. Walaupun jauh untuk sampai kesini akan terbayarkan dengan view yang sangat memanjakan mata,114,nyesel kesini walaupun jauh kesini bayar view sangat manja mata,negatif,negatif
Gap Tek,setahun lalu,Kapan mletusnya lagi ini yang dahsyat biar seru,47,kapan mletusnya dahsyat biar seru,positif,positif
Renata Eggy,8 tahun lalu,"It's cold there... But it's fun there also! Many parks to visit, from Orchid parks to Hammock land!",99,its cold there but its fun there also many parks to visit from orchid parks to hammock land,positif,positif
Brian Farisya,9 tahun lalu,Wajib ke sana orang kediri,26,sana orang diri,positif,positif
Dennis Jefrey,7 tahun lalu,"Menyenangkan, pelan pelan aja naik motornya sambil nikmatin pemandangan.",72,senang pelan pelan naik motor nikmatin pandang,positif,positif
ENDANG WERDININGSIH,6 tahun lalu,"Beberapa air terjun terlihat jelas kala pohon"" belum tumbuh pasca erupsi",72,beberapa air terjun lihat jelas kala pohon tumbuh pasca erupsi,positif,positif
tyo cavalera,8 tahun lalu,"Destinasi wisata alam yg bagus, salah satu gunung yg masih aktif di Jawa Timur",78,destinasi alam bagus salah satu aktif jawa timur,positif,positif
Muhamad Nur Azis,7 tahun lalu,Sejuk banget tempatnya. Nggak usah takut kehabisan bensin. Diatas ada yg jual 👍👍👍 …,83,sejuk banget tempat usah takut habis bensin atas jual,positif,positif
joey hasbend,4 tahun lalu,Numpang simpan foto.biar tidak lupa Klo perna kesini . Pokoknya tpat Ini bagus bgt,82,numpang simpan fotobiar lupa klo perna kesini pokok tpat bagus bgt,positif,positif
wulan amalia,8 tahun lalu,"Pemandangannya bagus, cocok untuk piknik bersama keluarga",57,pandang bagus cocok piknik sama keluarga,positif,positif
Handoko,9 tahun lalu,"Mantap lah pas meletus 2013 kemarin, memorial banget pas hari valentine",71,mantap pas letus kemarin memorial banget pas hari valentine,positif,positif
Fachry Letter,4 tahun lalu,Rute Jalurnya Sangat Mantul Sekali 👍 …,38,rute jalur sangat mantul,positif,positif
Moch Irfan Firdianto 084,6 tahun lalu,Tempat nya bagus view idaman banget surga kecil dari kota kediri recomended,75,bagus view idam banget surga kecil kota diri recomended,positif,positif
Virna Amelia,7 tahun lalu,MashaAllah Indah ciptaanMu Ya Allah. sayang masih banyak pengunjung yg membuang sampah sembarangan disana,105,mashaallah indah cipta allah sayang banyak unjung buang sampah sembarang sana,positif,positif
Dicky Yoko Pradana,Diedit 8 tahun lalu,"Viewnya cakep, banyak jual nanan pas perjalanan mau nyampe lokasi",65,viewnya cakep banyak jual nan pas jalan mau nyampe lokasi,positif,positif
komeng oi,3 tahun lalu,Saya kesana setelah gunung meletus jadi masih banyak yg di rehab,64,letus banyak rehab,positif,positif
Amalia Feby,4 tahun lalu,Suasanya sejuk sayang pariwisatanya belum sepenuhnya pulih,58,suasa sejuk sayang pariwisata sepenuh pulih,positif,positif
Yenny Ardiani,6 tahun lalu,Utuk pencita alam sangat bagus dan parkir lumayan luas,54,utuk cita alam sangat bagus parkir lumayan luas,positif,positif
Bimantoro Yudono,5 tahun lalu,"Indahnya pemandangan gunung, tempatnya bersih",45,indah pandang tempat bersih,positif,positif
Nida Husna,3 tahun lalu,Kalau ke kediri belum mampir ke gunung Kelud belum afdol rasanya,64,diri mampir afdol rasa,positif,positif
Imam Subroto,5 tahun lalu,"Pemandangan gunung Kelud bagus , wisata juga bagus .",52,pandang bagus bagus,positif,positif
Thaink Mustain,4 tahun lalu,Mau kesini belum kesampain juga..terakhir sudah di kediri tp kok tutup gara2 covid,82,mau kesini kesampain jugaterakhir diri tp tutup gara covid,positif,positif
Bagus Tamtomo Hadi,5 tahun lalu,"Udah bolak balik kesana, tapi untuk hari ini tgl abarusan kesana masih tutup untuk hari ini, masih dalam rangka covid sih",121,udah bolak balik hari tgl abarusan tutup hari rangka covid,positif,positif
Hilwa Zakiatu Nabila,7 tahun lalu,"Disaranin buat bawa jas hujan, cuaca bisa tiba2 berubah",55,disaranin buat bawa jas hujan cuaca tiba ubah,positif,positif
Rizal Endriyanto,6 tahun lalu,"Bagus banget, sekelas sama bromo dan kawah ijen lah menurutku",61,bagus banget kelas sama bromo ijen turut,positif,positif
Lazuardi Al Muzaki,8 tahun lalu,Simple but underrated. It's very easy for every local tourist to reach every single visual pleasure in this place,113,simple but underrated its very easy for every local tourist to reach every single visual pleasure in this place,positif,positif
Bang Tora,7 tahun lalu,Amazing !,9,amazing,positif,positif
Nay,7 tahun lalu,"Pemandangannya indah sekali, sayang sekali kalau tidak mampir kesini",68,pandang indah sayang mampir kesini,positif,positif
Marfin Jaya Tompo,7 tahun lalu,"Kangen Kelud kangen kediri
Tak sabar rasanya ingin cepat pulang ke kediri dan menikmati indahnya gunung Kelud 😊😊 …",114,kangen kangen diri sabar rasa cepat pulang diri nikmat indah,positif,positif
Cindy Adiaisyah,setahun lalu,Pemandangan indah dan bersih,28,pandang indah bersih,positif,positif
Adhie Octavery,9 tahun lalu,Josss View'nya,14,josss viewnya,positif,positif
Anis Nuraini,2 tahun lalu,"Dan kali kedua kesini, akhirnya liat danau nya hijau tosca ❤",60,kali dua kesini akhir liat danau hijau tosca,positif,positif
Indah Yuliatin,Diedit setahun lalu,Kesini waktu bulan Maret lalu.,30,kesini waktu bulan maret lalu,positif,positif
Luhur Adhika,8 tahun lalu,"Siip, pemandangan nya bagus sekali, udaranya juga segar disini",62,siip pandang bagus udara segar sini,positif,positif
Marc MarUans,7 tahun lalu,"Pas mau kesana msh dlm proses renovasi.G jadi msk,sedih...",58,pas mau msh dlm proses renovasig msksedih,positif,positif
Rizky Fadhlillah,6 tahun lalu,harus bayar ojek kalau pengen cepet sampai jalannya banyak bolongnya,68,bayar ojek ken cepet jalan banyak bolong,positif,positif
Farah Aqila,7 tahun lalu,"Pemandangan bagus, banyak objek wisata disekitar juga",53,pandang bagus banyak objek sekitar,positif,positif
Zulham Fahmi,5 tahun lalu,"Sejuk, adem, pemandangan masih bagus dan asri",45,sejuk adem pandang bagus asri,positif,positif
Sandal Jepit,Diedit 6 tahun lalu,sungguh luar biasa mata memandang bukti kebesaran allah,55,sungguh luar biasa mata pandang bukti besar allah,positif,positif
mamad dungpung,8 tahun lalu,wisata alami yang sangat indah...udara yg sejuk dan segar....,61,alami sangat indahudara sejuk segar,positif,positif
Mukh. Syaiifudin (syai),7 tahun lalu,"Cocok untuk wisata bareng keluarga, teman, pacar, selingkuhan & mantan. Wkwkwk",78,cocok bareng keluarga teman pacar selingkuh mantan wkwkwk,positif,positif
Anggoro 29,7 tahun lalu,"Sebelum meletus bisa dekat dengan kawahnya, dan bisa mandi di air belerang",74,letus dekat kawah mandi air belerang,positif,positif
BELLIN channel,4 tahun lalu,"Info donk,apakah bulan ini wisata kelud buka / tutup ?",54,info donkapakah bulan buka tutup,positif,positif
purwandi djoe,8 tahun lalu,bagus oemandanganx ..tp penataan blm selesai setelah meletus 😧 …,64,bagus oemandanganx tp tata blm selesai letus,positif,positif
Sastro repair paint,8 tahun lalu,Jalanan menuju tempat ini sangat exotis...memanjakan mata,57,jalan tuju sangat exotismemanjakan mata,positif,positif
Muhammad Rahmad Wahyudi,5 tahun lalu,"Viewnya bagus, ada jalan magnetnya juga.",40,viewnya bagus jalan magnet,positif,positif
Abduh Muhammad,6 tahun lalu,Semamin indahh semakin keren cocok bwt liburan di hawa yg dingin,64,semamin indahh makin keren cocok bwt libur hawa dingin,positif,positif
jenengku gopal,2 tahun lalu,"wajib Sampek puncak, gak akan kecewa",36,sampek puncak kecewa,negatif,positif
mawan,3 tahun lalu,Sangat menawan,14,sangat tawan,positif,positif
Zero 7,6 tahun lalu,karena disini askses lokasi sngat terpenuhi dan tiketnya nggak mahal prkir oke indah,84,sini askses lokasi sngat penuh tiket mahal prkir oke indah,positif,positif
SAHILY ID,8 tahun lalu,Alhamdulillah Sudah sampai sini😁 …,34,alhamdulillah sini,positif,positif
r i,8 tahun lalu,Wa enak banget di situ ada jalan misteri lo hi seru banget seneng aku jadinya,77,wa enak banget situ jalan misteri lo hi seru banget neng jadi,positif,positif
Triple x,3 tahun lalu,Mantap,6,mantap,positif,positif
Khunais Al-badali,2 tahun lalu,Beautiful Lake,14,beautiful lake,positif,positif
ArisCahyo,8 tahun lalu,wisata alam sejuk,17,alam sejuk,positif,positif
Defi Tri andani,5 tahun lalu,Kpan ya buka lgi... Rindu..,27,kpan buka lgi rindu,positif,positif
Muhammad Prasetyo,7 tahun lalu,Gunung yang ada didaerah kediri,31,daerah diri,positif,positif
Rizky Ikhsan,Diedit 6 tahun lalu,Memiliki sejarah yang panjang dan sebagai destinasi wisata yang indah dan menakjubkan,85,milik sejarah panjang destinasi indah takjub,positif,positif
Bakul Panganan,Diedit 8 tahun lalu,Sayang waktu pertama kali ke Gn.Kelud cuacanya berkabut,55,sayang waktu pertama kali gnkelud cuaca kabut,positif,positif
Oki Ahmad Permana,8 tahun lalu,baik hanya saja fasilitas untuk parkir dan tiket masukk sedikit mahal,69,baik fasilitas parkir tiket masukk sedikit mahal,positif,positif
Dewinda Yudhi,6 tahun lalu,Amazing view!,13,amazing view,positif,positif
ilham suryoko,6 tahun lalu,"Tempatny bagus buat liburan
Sayang msh renovasi",47,tempatny bagus buat libur sayang msh renovasi,positif,positif
endra exca,4 tahun lalu,Mantul bos suasana gunung dan monyet2 bergelantungan,52,mantul bos suasana monyet gantung,positif,positif
Chusnul khotimah suci L,6 tahun lalu,Cocok buat yang pingin mendaki tapi masih pemula,48,cocok buat pingin daki mula,positif,positif
Hendra Gunawan15,7 tahun lalu,"Akses jalannya mudah, tempatnya juga Bagus, menyenangkan",56,akses jalan mudah tempat bagus senang,positif,positif
Ferry Shputra,8 tahun lalu,Semoga tetap lestari,20,moga tetap lestari,positif,positif
Aditya Rizki Dian Pratama,6 tahun lalu,Pemandangan yang bagus dan salah satu gunung yang masih aktif di Indonesia,74,pandang bagus salah satu aktif indonesia,positif,positif
Monika Intan Sari,6 tahun lalu,"Tempatnya indah,sejuk, bersih , yuk berpariwisita ke gunung kelud 👍👍👍 …",71,tempat indahsejuk bersih yuk berpariwisita,positif,positif
Setiawan,6 tahun lalu,"Lokasi wisata yang ramai... Harga makanan standar, tidak kuatir up harga",72,lokasi ramai harga makan standar kuatir up harga,positif,positif
Agus Wibowo,7 tahun lalu,Wisata alam yang cocok bagi pelajar buat refresing dan belajar tentang alam,75,alam cocok ajar buat refresing ajar alam,positif,positif
demit black,6 tahun lalu,"Tempat yang indah di puncak kelud ,masuk trowongan untuk bisa sampai ke kawah",77,indah puncak masuk trowongan,positif,positif
mas kholis,6 tahun lalu,Salah satu wisata alam terbaik yang ada di kota blitar,54,salah satu alam baik kota blitar,positif,positif
mrizafirdaus,7 tahun lalu,Mantap dah,10,mantap dah,positif,positif
Ani Hidayanti,2 tahun lalu,Pemandangan di puncaknya indah,30,pandang puncak indah,positif,positif
Den Wahid,6 tahun lalu,Wisata yang menakjubkan. Patut untuk dikunjungi.,48,takjub patut kunjung,positif,positif
Hendrik Kurniawan,4 tahun lalu,"Tlg infonya, apa gunung kelud sudah buka.??",43,tlg info apa buka,positif,positif
Wulan Dalu,8 tahun lalu,"Great view and fresh air
Must try fresh pineapple, you can buy in local seller, peeled pineapple n ready to eat, yumm",117,great view and fresh air must try fresh pineapple you can buy in local seller peeled pineapple n ready to eat yumm,positif,positif
hari suryanto,setahun lalu,Seiring waktu kawah Kelud warna berubah,39,iring waktu warna ubah,positif,positif
Abizzar Naufal,7 tahun lalu,Pemandanganya sangat memanjakan mata ...udaranya sejuk,54,pemandanganya sangat manja mata udara sejuk,positif,positif
ARD ARD,6 tahun lalu,"Lumayan jauh untuk ke kawahnya, tapi sajian pemanadangan keren.",63,lumayan jauh kawah saji pemanadangan keren,positif,positif
BY YONGKI ONAR “Dhuro” CHANEL,3 tahun lalu,Mantap indah banget,19,mantap indah banget,positif,positif
Anita K. Ningrum,7 tahun lalu,Salah satu Surgaaa dunia,24,salah satu surgaaa dunia,positif,positif
Mr Anderson,8 tahun lalu,"Viewnya indah, suasananya seru untuk refreshing menghilangkan penat",67,viewnya indah suasana seru refreshing hilang penat,positif,positif
Norman Marantika,7 tahun lalu,Skr pemandangannya sdh tdk spt dlu lagi..,41,skr pandang sdh spt dlu,positif,positif
sendidinata,3 tahun lalu,bagus pemandangannya dan suejukk.,33,bagus pandang suejukk,positif,positif
Rendhy Faizar Hakim,7 tahun lalu,Mantap tanjakannya wkwk,23,mantap tanjak wkwk,positif,positif
M. Syahrul Roziqin,7 tahun lalu,dengan pemandangan yang indah aku lupa bahwa diriku ini makhluk yang buruk,74,pandang indah lupa diri makhluk buruk,positif,positif
ahmad ribowo,6 tahun lalu,Mendaki dimalam hari anginnya sangat kencang,44,daki malam hari angin sangat kencang,positif,positif
Khafidz ainul Yaqien,6 tahun lalu,"Moga moga ada orang yang jualan minum di atas, agak mahalan dikit gpp lah",73,moga moga orang jual minum atas mahal dikit gpp,negatif,negatif
Rizqi Rizma,7 tahun lalu,Menyuguhkan destinasi wisata alam yg masih asri...,50,suguh destinasi alam asri,positif,positif
Faila Nia,4 tahun lalu,Bagus banget,12,bagus banget,positif,positif
Eza Reyfansah,5 tahun lalu,jalur pendakian udah buka kah??,31,jalur daki udah buka,positif,positif
Giovanni Chandra,7 tahun lalu,Bagus tapi dulu ada perbaikan jadi gak bisa lihat penuh,55,bagus dulu baik lihat penuh,positif,positif
Permata Ryana,6 tahun lalu,pemandangan alam nya sangat inda,32,pandang alam sangat inda,positif,positif
Umaidah,6 tahun lalu,Musim kemarau tapi hujan lebat tapi ttep luar biasa 😻😻 …,56,musim kemarau hujan lebat ttep luar biasa,positif,positif
Seputar Berita Bola Indonesia,9 tahun lalu,karena pemandangannya sangat indah dan menarik,46,pandang sangat indah tarik,positif,positif
Mc. Agus nasoka,7 tahun lalu,Indah nian pemandangan tempatnya sejuk👍👍😃😀 …,44,indah nian pandang tempat sejuk,positif,positif
Edi Utomo,4 tahun lalu,Pemandangannya mantap puolll,28,pandang mantap puolll,positif,positif
Dimas Raditya,setahun lalu,cocok buat pemula 😹 …,21,cocok buat mula,positif,positif
Ahmad Dzaki,3 tahun lalu,"Menyenangkan, membuat pengalaman baru, sejuk",44,senang buat alam baru sejuk,positif,positif
Cah JOWO,8 tahun lalu,Rame asik pemandangannya saat musim hujan,41,rame asik pandang musim hujan,positif,positif
Lukman Chakim,4 tahun lalu,Viewnya bagus ga ada dua nya,28,viewnya bagus,positif,positif
Qonita Nisa,4 tahun lalu,"Belajar di pare, ada waktu luang jln2 ksini. 😍😍😍😍 …",51,ajar pare waktu luang jln ksini,positif,positif
Alicia syifa,setahun lalu,Pemandangan ya cantik bgt,25,pandang cantik bgt,positif,positif
Pijar Damar,3 tahun lalu,Sarana rekreasi keluarga yg nyaman..,36,sarana rekreasi keluarga nyaman,positif,positif
Okta Nugroho,4 tahun lalu,Yukk ke gunung  klud nanti dapat uang 3000 juttaaa,50,yukk klud uang juttaaa,positif,positif
PUR WANTO,7 tahun lalu,Bagus,5,bagus,positif,positif
Rhofie Muarif,3 tahun lalu,"Ingin kesana, tpi masih nunggu teman2 yg lain",45,tpi nunggu teman,positif,positif
Nizam Saja,7 tahun lalu,Tempatnya bagus tapi tidak ada wahana ekstrim,45,tempat bagus wahana ekstrim,positif,positif
Hanifah Dewi,7 tahun lalu,"Tempatnya indah banget
Cantik
Udaranya sejuk",44,tempat indah banget cantik udara sejuk,positif,positif
Nuni Indah,7 tahun lalu,Tempat wisata yang indah,24,indah,positif,positif
Wanto noltuju,setahun lalu,Medannya sangat menantang😂👍 …,29,medan sangat tantang,positif,positif
Den Jatayu,8 tahun lalu,Its not too high.  But u can see green crater and beautiful scenery.,68,its not too high but u can see green crater and beautiful scenery,positif,positif
Ratin Kbm,2 tahun lalu,DI rmh saya ad gunung juga gmn udh gkaktp lgi,45,rmh ad gmn udh gkaktp lgi,positif,positif
Trisakti Hari Suryanto,6 tahun lalu,Sudah memiliki hutan/taman bunga edelweis,41,milik hutantaman bunga edelweis,positif,positif
Wuriawan Saputra,3 tahun lalu,Ke kawah gunung Kelud pas kabut tebal & angin kencang,53,pas kabut tebal angin kencang,positif,positif
Galoh Novika,6 tahun lalu,Apa udah ada jln setapaknya d sana..apa klu belum agustus masih berembun..,74,apa udah jln setapak d sanaapa klu agustus embun,positif,positif
Tri hatmayanti,4 tahun lalu,Tempat yang perlu dikunjungi selain Bromo,41,perlu kunjung bromo,positif,positif
Cindy Clarissa,3 tahun lalu,bagus banget,12,bagus banget,positif,positif
A S K,6 tahun lalu,joss,4,joss,positif,positif
dewi ananda,7 tahun lalu,"Keren View nya dan Treck Nya, Subhanallah",41,keren view treck subhanallah,positif,positif
M Rifa'i,7 tahun lalu,Tempat nya sungguh sangat keren dan sejuk,41,sungguh sangat keren sejuk,positif,positif
wahyu christianto9900,2 tahun lalu,Salah satu wisata kebanggaan orang kediri,41,salah satu bangga orang diri,positif,positif
Caem abiz,8 tahun lalu,"Tempat , yg bagus . untuk pecinta touring",41,bagus cinta touring,positif,positif
Andy Kusumaninggar,3 tahun lalu,"Letusan yg dulu dasyat, abunya sampai kemana mana",49,letus dulu dasyat abu mana,positif,positif
Dedy Purnawan,4 tahun lalu,indah,5,indah,positif,positif
Sofi Wahyuningtyas,7 tahun lalu,Gunung kelud adalah salah satu tempat wisata di kota kediri,59,salah satu kota diri,positif,positif
agung aje,6 tahun lalu,Pemandangannya indah,20,pandang indah,positif,positif
Fendy Setiawan,4 tahun lalu,"Terletak di KABUPATEN BLITAR, tempat yang sangat keren 😍😍 …",59,letak kabupaten blitar sangat keren,positif,positif
sukanto masgun,3 tahun lalu,Belum pernah kesana cuman baca-baca komentar aja.😂😂 …,53,pernah cuman bacabaca komentar aja,positif,positif
mmaskur 1,6 tahun lalu,Keindahan tebing dan kawah,26,indah tebing,positif,positif
Aris Ayank,7 tahun lalu,Sekarang semakin bagus,22,makin bagus,positif,positif
SYEIKHU ALFA RIDHO,7 tahun lalu,Pemandangan nya indah.. Tiket nya murah,39,pandang indah tiket murah,positif,positif
Martono L,5 tahun lalu,Pintar2 cari spot buat ambil foto.....,38,pintar cari spot buat ambil foto,positif,positif
Mohammad Khafid Barokum,7 tahun lalu,Tempat yang bagus untuk wisata bersama keluarga,47,bagus sama keluarga,positif,positif
Muhammad Syamsudin Aminnurochman,6 tahun lalu,"Pandangannya indah, cocok buat foto-foto",40,pandang indah cocok buat fotofoto,positif,positif
Wulan Panca,8 tahun lalu,Walaupun masih pada tahap pembangunan wisata,44,walaupun tahap bangun,positif,positif
Imania Larasati,8 tahun lalu,Bagus sekali pemandangan di Gunung Kelud👍 …,43,bagus pandang kelud,positif,positif
malvin piero,7 tahun lalu,Very fantastic!!! This is one of the beauty of Indonesia. Great mountain,72,very fantastic this is one of the beauty of indonesia great mountain,positif,positif
dwi istyowati,4 tahun lalu,Dendy Sky View TAgung,21,dendy sky view tagung,positif,positif
Danc spectrum,7 tahun lalu,"Dingin banget ,, cocoklah buat menyegarkan kulit",48,dingin banget cocok buat segar kulit,positif,positif
Della Hanifa Putri Suryani,5 tahun lalu,Pemandangannya sangat indah,27,pandang sangat indah,positif,positif
Bengkel tv sinar servis,5 tahun lalu,Waktu meletus abunya nyampai di klaten tebel banget,51,waktu letus abu nyampai klaten tebel banget,positif,positif
Saras Suratmi,setahun lalu,Tempat nyaman buat nyataj,25,nyaman buat nyataj,positif,positif
Andreas Nugroho,Diedit 6 tahun lalu,Cocok utk rekreasi bersama keluarga,35,cocok utk rekreasi sama keluarga,positif,positif
shobari karim,7 tahun lalu,"Pemandangan yang menakjubkan, saya suka tempat ini",50,pandang takjub suka,positif,positif
Rendy H Izzano,4 tahun lalu,Keren,5,keren,positif,positif
Yudhi Aripurnomo,8 tahun lalu,"Salah satu andalan wisata kab blitar, mantap 👍 …",48,salah satu andal kab blitar mantap,positif,positif
Yudi Minitrek,5 tahun lalu,Gowes sampai pintu gunung Kelud dari Surabaya,45,gowes pintu surabaya,positif,positif
Taraksa Official,8 tahun lalu,Ini merupakan jalur bagi para pendaki gunung kelud.,51,rupa jalur daki,positif,positif
qurbaidh firdaus,4 tahun lalu,Pemandangannya bagus,20,pandang bagus,positif,positif
fajar ariant,8 tahun lalu,Aman tp hrs berhati hati,24,aman tp hrs hati hati,positif,positif
Rais Malik,3 tahun lalu,Tempatnya bagus dan sejuk😊 …,28,tempat bagus sejuk,positif,positif
Ervita Nindy,8 tahun lalu,Wisata alam yg bnar benar indah.,32,alam bnar benar indah,positif,positif
SAYAKTI HADIAN,3 tahun lalu,Bagus sekali pemandanganya.,27,bagus pemandanganya,positif,positif
Andrianna,Diedit 3 tahun lalu,nice place,10,nice place,positif,positif
Aldi K,setahun lalu,Aspal masih banyak yang rusak,29,aspal banyak rusak,negatif,positif
Wawan Putri's,8 tahun lalu,"View scend yg keren, setelah erupsi...  Good view",49,view scend keren erupsi good view,positif,positif
HIJRAH BIKHOIR,4 tahun lalu,Kayaknya indah...nuansa alamnya masya Alloh...,46,kayak indahnuansa alam masya alloh,positif,positif
binti khotimah,5 tahun lalu,Bagus banget gunung nya 🤩🤩🤩🤩😔 …,31,bagus banget,positif,positif
Pecinta Politik,4 tahun lalu,Cocok dinikmati pagi hari.,26,cocok nikmat pagi hari,positif,positif
Herri Agusti,6 tahun lalu,Pemandangan toppp,17,pandang toppp,positif,positif
Edi tri Mulyono,4 tahun lalu,Nyaman,6,nyaman,positif,positif
Gunawan Satyakusuma,5 tahun lalu,Salah satu dinding gunung kelud yaitu bukit sumbing,51,salah satu dinding bukit sumbing,positif,positif
Naufal Jaball,3 tahun lalu,Wonderful!,10,wonderful,positif,positif
Yussy Apple,5 tahun lalu,Via tulungrejo,14,via tulungrejo,positif,positif
dani pramasitha,8 tahun lalu,PEMANDANGANNYA 100% INDAH,25,pandang indah,positif,positif
Hanif Alexandria,7 tahun lalu,"Ada 2 jalur
1. Kendaraan
2.pendakian",36,jalur kendara daki,positif,positif
Didik Kanciel015,6 tahun lalu,Pemandangan nya indah dan sejuk udaranya,40,pandang indah sejuk udara,positif,positif
Ani Anastasia,3 tahun lalu,Sumpah keren banget tempatnya,29,sumpah keren banget tempat,positif,positif
Arie alfaShanty,7 tahun lalu,Salah satu destinasi wisata kota Kediri yg indah,48,salah satu destinasi kota diri indah,positif,positif
Linda Triyanti Wongso,8 tahun lalu,"Sejauh mata memandang, hamparan bukit hijau,,",45,jauh mata pandang hampar bukit hijau,negatif,negatif
Enggar Evika,7 tahun lalu,Anak2 seneng,12,anak neng,positif,positif
anggrek ungu,setahun lalu,sangat indah dan jg tdk cape,28,sangat indah jg cape,positif,positif
Mariem Ouaja,8 tahun lalu,"Beautiful place,  but we still can't access to the volcano,",59,beautiful place but we still cant access to the volcano,positif,positif
al kencleng,6 tahun lalu,bagus pemandangannya,20,bagus pandang,positif,positif
Choirul Arif,7 tahun lalu,gunung kelud adalah tempat wisata alam yang bagus,49,alam bagus,positif,positif
Puput Silviana dewi,2 tahun lalu,Ingin kesana lgi klo ada libur panjang,38,lgi klo libur panjang,positif,positif
bagas zeha,setahun lalu,G Kelud Blitar kec garum mantab,31,g blitar kec garum mantab,positif,positif
E Hartono,8 tahun lalu,Destinasi wisata wajib dikunjungi jika ke blitar...,51,destinasi kunjung blitar,positif,positif
The Dropers,8 tahun lalu,"Bagus,saya terakhir kali tahun 2014 ke sana.",44,bagussaya akhir kali tahun sana,positif,positif
PP Roudlotul Mushthofa,setahun lalu,Biar bintang yang berbicara,27,biar bintang bicara,positif,positif
Bachtiar Azhar,2 tahun lalu,Top seru tapi ketemu sama pendaki trouble,41,top seru ketemu sama daki trouble,positif,positif
mfajarr,7 tahun lalu,Tempat yg cocok untuk keluarga..sejuk,37,cocok keluargasejuk,positif,positif
Ikam Gading Fajar Romadhon,6 tahun lalu,Tempat nya masih asri dan Nyaman,32,asri nyaman,positif,positif
Ongki,2 tahun lalu,Pemandangan nya indah.,22,pandang indah,positif,positif
Pandega Hutama,7 tahun lalu,Cocok buat refreshing,21,cocok buat refreshing,positif,positif
erna wati,5 tahun lalu,gunung ku memang bagus gunung klud,34,ku memang bagus klud,positif,positif
Lembayung Senja,8 tahun lalu,Tanjakannya bisa buat ngurusin badan 😅😅😅 …,42,tanjak buat ngurusin badan,positif,positif
Rizal Nuraziz,4 tahun lalu,"Beautiful place, you can find new experience in this place",58,beautiful place you can find new experience in this place,positif,positif
Imam Hanafi,7 tahun lalu,Kipa ilakes#gunung kelud,24,kipa ilakes,positif,positif
indri kristianti,7 tahun lalu,Wisata alam yang bikin hati adeem,33,alam hati adeem,positif,positif
Agung,7 tahun lalu,"Sejuk, banyak tempat wisatanya.",31,sejuk banyak wisata,positif,positif
MUHAMMAD FARID OFFICIAL,4 tahun lalu,"Adem,asri,mantaps pokoknya",26,ademasrimantaps pokok,positif,positif
Naila Sajidah,7 tahun lalu,Pemandangan yang disajikan sangat indahhhh,42,pandang saji sangat indahhhh,positif,positif
Adamstark Yossaadam,7 tahun lalu,Tempat dan view nya baguss bgt,30,view baguss bgt,positif,positif
Tomen Arief,4 tahun lalu,Pmandanganya sangat epic skali😁👍👍👍 …,36,pmandanganya sangat epic skali,positif,positif
Konyel balap,5 tahun lalu,"Kak,kelud saat ini masih tutup apa udah di buka?",48,kakkelud tutup apa udah buka,positif,positif
Edo Al Luhatfim,3 tahun lalu,Dingin..kadang berkabut,23,dinginkadang kabut,positif,positif
Zidan Alfa,2 tahun lalu,Puncak sejati 1.731 mdpl,24,puncak sejati mdpl,positif,positif
Ebit Priyono,8 tahun lalu,Mantappp,8,mantappp,positif,positif
Anto DM In action,4 tahun lalu,Mengasyikkan,12,asyik,positif,positif
nimasekar,4 tahun lalu,Lebih bagus sebelum meletus dulu,32,lebih bagus letus dulu,positif,positif
Setrenan Muebel,3 tahun lalu,Suasananya sejuk dan nyaman,27,suasana sejuk nyaman,positif,positif
Mas Hudi,7 tahun lalu,"Pingin main ksni lg,kpn ya,,,kpn"" aj deh,klo lg ad wktu.................",72,pingin main ksni lgkpn yakpn aj dehklo lg ad wktu,positif,positif
Derby Prayogo,6 tahun lalu,Mantap. Banyak spot foto nya,28,mantap banyak spot foto,positif,positif
Muchammad Ilham Muzadi,9 tahun lalu,Pemandangan sangat menak jubkan,31,pandang sangat menak jubkan,positif,positif
Salman Nur Fitriawan,6 tahun lalu,"Bagus tempatnya, cocok untuk wisata",35,bagus tempat cocok,positif,positif
MARZ TRANS,2 tahun lalu,sungguh indah pemandangan'y,27,sungguh indah pemandangany,positif,positif
tarmuji sudrajat,7 tahun lalu,Bisa diakses dengn motor dan mobil.,35,akses dengn motor mobil,positif,positif
Dimas Adi Saputro,7 tahun lalu,Tempat paling asik buat ngehilangin stres.,42,paling asik buat ngehilangin stres,positif,positif
Queen Fashion,8 tahun lalu,Setelah anak kelud hilang jadi makin cantik,43,anak hilang makin cantik,positif,positif
Vandi Fatan,6 tahun lalu,Sekarang gunung kelud banyak perubahan udah dibeton,51,banyak ubah udah beton,positif,positif
fazza cha'em,setahun lalu,Tempatnya indah banget,22,tempat indah banget,positif,positif
Rustam Rustam,2 tahun lalu,Pemandangan yang sangat indah,29,pandang sangat indah,positif,positif
Oding Bintara,7 tahun lalu,Wisata Alam yang menggairahkan. Mantafff,40,alam gairah mantafff,positif,positif
Meiko Kdr,8 tahun lalu,Hawanya sejuk bikin ingin kesini terus,38,hawa sejuk kesini terus,positif,positif
Aditya Sasongko,7 tahun lalu,Masih belum bisa masuk ke kawahnya,34,masuk kawah,positif,positif
John Kechenk,3 tahun lalu,Sangat indah,12,sangat indah,positif,positif
Intan Ayumawarni Perdana Putri,7 tahun lalu,💕💕 …,4,,positif,positif
Lopa Vember,7 tahun lalu,Ciptaan allah,13,cipta allah,positif,positif
Blitaryan,4 tahun lalu,Seru tukang ojeknya ramah,25,seru tukang ojek ramah,positif,positif
Judi Undi Pristawa,8 tahun lalu,Bagus sekali untuk tempat wisata,32,bagus,positif,positif
Herman Buyle,8 tahun lalu,Not to high.  On the back of a motorbike you can go far.  Also try the nanas,76,not to high on the back of a motorbike you can go far also try the nanas,positif,positif
Imam Kanapi,3 tahun lalu,Pemandangan yang sangat indah,29,pandang sangat indah,positif,positif
Dina Febriana,8 tahun lalu,tempatnya keren ketinggianya cukup,34,tempat keren ketinggianya cukup,positif,positif
Ali Baba,8 tahun lalu,View yang bagus..instagraviable banget dah,42,view bagusinstagraviable banget dah,positif,positif
Hendra Wijanarko,7 tahun lalu,Suasana alamnya sangat terasa,29,suasana alam sangat asa,positif,positif
Mufidz firmansyah,setahun lalu,Gunung aktif di kediri,22,aktif diri,positif,positif
Ayatulloh Nur Isnaini Arba'i,6 tahun lalu,Salah satu gunung yang mudah untuk dikunjungi 😁 …,49,salah satu mudah kunjung,positif,positif
Siska E A,5 tahun lalu,"Wisata alam terfavorit,",23,alam favorit,positif,positif
zainal kenshin,6 tahun lalu,Bagus sekali andainya AQ bisa kesan,35,bagus andai aq kesan,positif,positif
Rizal Fanani,9 tahun lalu,Rumah ku kediri jadi agak deket sama gunung kelud,49,rumah ku diri deket sama,positif,positif
Dewy Ro,7 tahun lalu,recomended utk berkunjung di gunung ini,39,recomended utk kunjung,positif,positif
Adudu 1910,7 tahun lalu,Because mountain is beautiful. Fresh air and beautiful view.,60,because mountain is beautiful fresh air and beautiful view,positif,positif
Firmansyah Hakim,8 tahun lalu,mantab,6,mantab,positif,positif
Onny Hardianto,4 tahun lalu,Cukup membahagiakan keluarga,28,cukup bahagia keluarga,positif,positif
sasuke,9 tahun lalu,Rumah ku deket ma tempat ini kaya sebelahan,43,rumah ku deket ma kaya belah,positif,positif
suradi adi,2 tahun lalu,"Mumpung dikediri, dolan ke gunung",33,mumpung diri dolan,positif,positif
Naryee Buthexz,3 tahun lalu,Amazing...takjub dengan ciptaan tuhan,37,amazingtakjub cipta tuhan,positif,positif
Dwi Tegar Yanuswantoro,3 tahun lalu,"Elok, pemandangan yang tajub",28,elok pandang tajub,positif,positif
Nor Kholiq Ariyanto,8 tahun lalu,Keren dan tak perlu jalan kaki jauh2 😁 …,40,keren perlu jalan jauh,positif,positif
Rony Kapisa,2 tahun lalu,Kabutnya pas banyak banget,26,kabut pas banyak banget,positif,positif
Marvie Shop,setahun lalu,NAMA ASLI ADALAH GUNUNG KAMPUD,30,nama asli kampud,positif,positif
aviv azantha,6 tahun lalu,27 Juni 2019,12,juni,positif,positif
Aman Sentoso,setahun lalu,Pemandangan bagus,17,pandang bagus,positif,positif
Dewi Maisyaroh,7 tahun lalu,"Jangan kesini, ntar gamau pulang loh ..
😁😁 …",44,jangan kesini ntar gamau pulang loh,positif,positif
Hikam Fuadi,7 tahun lalu,Gunung wisata yang patut dikunjungi...,38,patut kunjung,positif,positif
Candra Ade Hendrawan,6 tahun lalu,"tempatnya strategis,bersih,nyaman,dan sejuk",43,tempat strategisbersihnyamandan sejuk,positif,positif
jack poins,7 tahun lalu,Tempat wisata yg elok dan sakral,32,elok sakral,positif,positif
Adi Prasetyo,7 tahun lalu,Lumayan sayang masuknya mahal,29,lumayan sayang masuk mahal,negatif,negatif
mr ronny,4 tahun lalu,nyaman n santai nikmat bgt,26,nyaman n santai nikmat bgt,positif,positif
lixga mardani,7 tahun lalu,"Keren abis ,tapi jalan perlu di perbaiki lagi",45,keren abis jalan perlu baik,positif,positif
Annisa Jamilah,8 tahun lalu,"Pernah kesini sebelum meletus,pengen kesini lagi...!",52,pernah kesini meletuspengen kesini,positif,positif
Rizky Septiani Mazri,7 tahun lalu,Pmandangan dr atas keren,24,pmandangan dr atas keren,positif,positif
darwan triyono,7 tahun lalu,"Murah, indah",12,murah indah,positif,positif
Uba Rahmat Setiawan,8 tahun lalu,"Pertama kesini tahun 2008, tempat yang keren",44,pertama kesini tahun keren,positif,positif
ganeza Oky,9 tahun lalu,setelah meletus,15,letus,positif,positif
Dony Masyhuri,8 tahun lalu,Buat yg pengen ngerefresh otak wajib datang ke sini,51,buat ken ngerefresh otak datang sini,positif,positif
Agoeng Semi,6 tahun lalu,Recomended buat yg suka traveling,33,recomended buat suka traveling,positif,positif
MENCOBA INDIE,5 tahun lalu,"Gak bakalan rugi datang kemari,",31,bakal rugi datang kemari,positif,positif
yessheiscecilia,7 tahun lalu,Good place to visit while u going to kediri,43,good place to visit while u going to diri,positif,positif
Moch. Irvan Saputro,7 tahun lalu,memiliki panorama alam yang sangat indah,40,milik panorama alam sangat indah,positif,positif
Afg Hury,6 tahun lalu,sayang danau kelud gak ada ikannya he he he he he he,52,sayang danau ikan he he he he he he,positif,positif
AGRO TANAMAN MURAH,8 tahun lalu,Cocok untuk wisata alam,23,cocok alam,positif,positif
Akhmad Belasting,9 tahun lalu,Easy to climb.. And this what I call mountain climbing (by motorcycle),70,easy to climb and this what i call mountain climbing by motorcycle,positif,positif
Adelia Yasya,8 tahun lalu,View nya bagus bgt 😍 …,22,view bagus bgt,positif,positif
corat coret,7 tahun lalu,Indah dan ke hijau pokoknya bikin nyaman,40,indah hijau pokok nyaman,positif,positif
Cahaya Kanaya,6 tahun lalu,Sejuk,5,sejuk,positif,positif
Erick Hermawan,8 tahun lalu,Fantastic scenery you must visit this place,43,fantastic scenery you must visit this place,positif,positif
R. Rendy Arizona,8 tahun lalu,Nice mountain,13,nice mountain,positif,positif
syamsul arifin,5 tahun lalu,Pos 3 Menuju Puncak Kelud,25,pos tuju puncak,positif,positif
purgandoz,8 tahun lalu,Salah satu andalan wisata kabupaen kediri,41,salah satu andal kabupaen diri,positif,positif
Ratno Muller,Diedit 6 tahun lalu,Keren parah,11,keren parah,positif,positif
Andhika Bagas prasetyo,7 tahun lalu,Banyak sport foto yang bagus,28,banyak sport foto bagus,positif,positif
Inisial F,4 tahun lalu,G.kelud apa sudah buka lagi ?,29,gkelud apa buka,positif,positif
R Y (Flying Dutchman),6 tahun lalu,Salah satu gunung berapi yang masih aktif,41,salah satu rap aktif,positif,positif
Wahyuphe (Wahyuphe),9 tahun lalu,Adem. Good view,15,adem good view,positif,positif
Abdul Halim,3 tahun lalu,Bagus pemandanganya,19,bagus pemandanganya,positif,positif
juli irsandhy,7 tahun lalu,Indah banget,12,indah banget,positif,positif
varioo varioo,4 tahun lalu,Pemandangan sangat indah,24,pandang sangat indah,positif,positif
Lintang Gading,6 tahun lalu,Bagus tapi pas kesana mendung wkwkw,35,bagus pas mendung wkwkw,positif,positif
Max Tollenar Balitar,7 tahun lalu,gunung dengan spot foto mempesona,33,spot foto pesona,positif,positif
Penikmat Makanan,setahun lalu,Keren banget subhanallah,24,keren banget subhanallah,positif,positif
M. Masrur,5 tahun lalu,tempat yang sangat menantang,28,sangat tantang,positif,positif
AYRIN EKALIA,setahun lalu,sejuk poll gesss,16,sejuk poll gesss,positif,positif
Purba Anggara,8 tahun lalu,kelud,5,,positif,positif
BLAKRAAN VESPA,4 tahun lalu,Wisata sambil olahraga,22,olahraga,positif,positif
AKAGAMI Shanks,setahun lalu,Pengen bgt kesana,17,ken bgt,positif,positif
Anang Dwi Rismawan,7 tahun lalu,Salah satu Gunung kebanggaan warga indonesia,44,salah satu bangga warga indonesia,positif,positif
habib muhammad,5 tahun lalu,Info dong kelud buka kan,24,info buka kan,positif,positif
Gatrin Rukmanandi,setahun lalu,Land of down,12,land of down,positif,positif
Shinday Seistyarani,6 tahun lalu,Ga perlu cpek2 jln kaki,23,perlu cpek jln,positif,positif
ony viranata,5 tahun lalu,gunung yang bersahabat,22,sahabat,positif,positif
Lies Permana,9 tahun lalu,One of best place to go in Kediri city,38,one of best place to go in diri city,positif,positif
tito kristiyanto nugroho,setahun lalu,Lengkap sudah,13,lengkap,positif,positif
Moh Ali Mas'ud,6 tahun lalu,Vocok untuk pendaki pemula,26,vocok daki mula,positif,positif
David Sofiyulloh,8 tahun lalu,Gunung yang indah...,20,indah,positif,positif
ngluyur Thok,2 tahun lalu,Indah aja,9,indah,positif,positif
Mala Nurbaiti,7 tahun lalu,Subahanawloh.. ciptaan allah emng keren,39,subahanawloh cipta allah emng keren,positif,positif
Daigo Tanu,7 tahun lalu,Salah satu tempat terindah di Indonesia💕 …,42,salah satu indah indonesia,positif,positif
Anggi Novi Saputri,5 tahun lalu,👍🍃 …,4,,positif,positif
Jhon Junior,8 tahun lalu,wisata murah yang mewah. 👌 …,28,murah mewah,positif,positif
Ana Dw,8 tahun lalu,Karena tempatnya bagus,22,tempat bagus,positif,positif
ridho utomo,8 tahun lalu,Tempat yang indah untuk dikunjungi di Kediri,44,indah kunjung diri,positif,positif
Retno Kurniawati,3 tahun lalu,Tempat favorit untuk ngadem,27,favorit ngadem,positif,positif
Ardi Feriyantoko,6 tahun lalu,The one of the most dangerous volcano on earth with beautiful panoramas.,72,the one of the most dangerous volcano on earth with beautiful panoramas,positif,positif
Ardi Saputra,Diedit 8 tahun lalu,Sangat bagus dan segar,22,sangat bagus segar,positif,positif
Tita Shofyana,6 tahun lalu,Ikon unggulan kota kediri nih..,31,ikon unggul kota diri,positif,positif
sRikandi,6 tahun lalu,Pemandangan sangat menajubkan,29,pandang sangat menajubkan,positif,positif
Afif Fatur,6 tahun lalu,Bagus viewnya,13,bagus viewnya,positif,positif
Aryabima Adiaksa,setahun lalu,Temoatnya keren,15,temoatnya keren,positif,positif
Lisa Smith,3 tahun lalu,Bagus tempat nya,16,bagus,positif,positif
محمد يسعا احمدي,9 tahun lalu,rugi gk nyoba liburan kesini....,32,rugi gk nyoba libur kesini,positif,positif
Carment Cortez,7 tahun lalu,"Amazing view, and have a cold weather",37,amazing view and have a cold weather,positif,positif
jhe,5 tahun lalu,Sungguh indah ciptaan Allah,27,sungguh indah cipta allah,positif,positif
Day rapunsel,5 tahun lalu,Okelah,6,oke,positif,positif
Retno Sekar,4 tahun lalu,Lewat aja,9,lewat,positif,positif
supriasih sukardi,9 tahun lalu,"Agak ngERi

PaNoRAmA ALAMI mempeSoNA""""",38,ngeri panorama alami pesona,positif,positif
Amry Amirudin,5 tahun lalu,Mantap dan Bagus dan indah,26,mantap bagus indah,positif,positif
Pak Jun,4 tahun lalu,viewnya bagus,13,viewnya bagus,positif,positif
Bagas kara,3 tahun lalu,wisata alam tapi seru,21,alam seru,positif,positif
Om Kris,8 tahun lalu,Suasananya nyaman dingin,24,suasana nyaman dingin,positif,positif
alamz wizurai,7 tahun lalu,"Ibarat cabai, ""kecil-kecil cabe rawit""..",40,ibarat cabai kecilkecil cabe rawit,positif,positif
Lailatul Maghfiroh,3 tahun lalu,Sangat menakjubkan,18,sangat takjub,positif,positif
Djendral Yulianto,5 tahun lalu,Gak ruh,7,ruh,positif,positif
Adimas Waskito Jati,3 tahun lalu,Gunung yang luar biasa,22,luar biasa,positif,positif
Nabila Shinta Maylia,6 tahun lalu,Bagus tempatnya,15,bagus tempat,positif,positif
Ekoprasetioeko908 Prasetio,4 tahun lalu,Sangat menarik,14,sangat tarik,positif,positif
Broer 90,8 tahun lalu,View terbaik di jawa timur,26,view baik jawa timur,positif,positif
eko kurnia,8 tahun lalu,Gaperna bosen kesini. Sejuk 😊 …,31,gaperna bosen kesini sejuk,positif,positif
Rizzal Nairobbi,5 tahun lalu,Tempat pendakian,16,daki,positif,positif
Anang Ma'rufin,2 tahun lalu,Indah...,8,indah,positif,positif
Ahmad Soleh Chamdani (Cak Mad),6 tahun lalu,Wooww amazing 😘👍🏻👍🏻👍🏻❤️🇮🇩 …,27,wooww amazing,positif,positif
Denni Setyawan,5 tahun lalu,Alam banget keren,17,alam banget keren,positif,positif
Yudi,6 tahun lalu,Long time no visit here after erruption in 2014,47,long time no visit here after erruption in,positif,positif
Jatilondo Semarang,7 tahun lalu,jaga kebersihan dan kelestariannya,34,jaga bersih lestari,positif,positif
Arinta Purwanti,8 tahun lalu,Subhanalloh..indahnya ciptaan Alloh,35,subhanallohindahnya cipta alloh,positif,positif
Icuk Sugiarto,7 tahun lalu,bagus pemandangannya,20,bagus pandang,positif,positif
Sonny Purwanto,8 tahun lalu,tempat wisata yang bagus,24,bagus,positif,positif
mulizav,Diedit 7 tahun lalu,"Tempat yg patut juga untuk di kunjungi , !!!",44,patut kunjung,positif,positif
Ubaid Nur,7 tahun lalu,Lumayan dingin .wkwkw,21,lumayan dingin wkwkw,positif,positif
Badai Badaiputra,9 tahun lalu,Karna pemandangannya indah,26,karna pandang indah,positif,positif
Yasen,8 tahun lalu,Bagus pemandangannya,20,bagus pandang,positif,positif
B A N I CHANNEL,5 tahun lalu,Begitu Indahnya Alama ini,25,indah alama,positif,positif
Ageng Ismail,3 tahun lalu,Rodok panas tpi rapopo,22,rodok panas tpi rapopo,negatif,positif
home . id,7 tahun lalu,Sayang nggak bisa naik,22,sayang naik,positif,positif
Bozzqy TV,7 tahun lalu,pemandangan alam bagus,22,pandang alam bagus,positif,positif
Bagoes Aryana,2 tahun lalu,Indah dan Joss tenan,20,indah joss tenan,positif,positif
Bapak Makelar,7 tahun lalu,Bagus lebih tertata,19,bagus lebih tata,positif,positif
Nurhadi Raditya,8 tahun lalu,Rasakan air hangat di kawahya,29,rasa air hangat kawahya,positif,positif
Bayu Bagus,7 tahun lalu,Bagus pemandangannya,20,bagus pandang,positif,positif
ESA P,Diedit 7 tahun lalu,Huiiii my faforite gunung blitar,32,huiiii my faforite blitar,positif,positif
kalun_wijaya,4 tahun lalu,Nice place. I went to kelud twice,33,nice place i went to twice,positif,positif
Muhammad S' Amien,8 tahun lalu,Masih dalam pengembangan,24,kembang,positif,positif
Restu Dwi Marjoko,8 tahun lalu,Tangga nya tinggi banget,24,tangga tinggi banget,positif,positif
Heri Gusdur,8 tahun lalu,Saya sangat suka sekali,23,sangat suka,positif,positif
Ah Mantap,3 tahun lalu,Petualangan menyenangkan,24,tualang senang,positif,positif
Mochamad Denni,8 tahun lalu,Jangan bosan untuk datang lagi.,31,jangan bosan datang,positif,positif
Pradita Luky,6 tahun lalu,Aksesnya kurang bagus,21,akses kurang bagus,positif,positif
CA trip,7 tahun lalu,Istimewa,8,istimewa,positif,positif
Sando (Sandro),7 tahun lalu,Wonderful,9,wonderful,positif,positif
Aidil Alwi,7 tahun lalu,Indah amat nih gunung,21,indah,positif,positif
Endro Gangbuntu,3 tahun lalu,Sangat bagus 👍👍 …,17,sangat bagus,positif,positif
Ibass ae,7 tahun lalu,Kelud keren 😊 …,15,keren,positif,positif
Ini Saya,Diedit 4 tahun lalu,Seru...pemandangan juga indah,29,serupemandangan indah,positif,positif
Ahmad Rafsan,8 tahun lalu,yang dicari kalo kesini pasti nanas,35,cari kalo kesini nanas,positif,positif
rendi hariyanto,7 tahun lalu,Seru,4,seru,positif,positif
Muhamad reyhanu,setahun lalu,Apik,4,apik,positif,positif
Adi Cahyo Santoso,2 tahun lalu,Menarik,7,tarik,positif,positif
Andri Ragil,8 tahun lalu,Amazing,7,amazing,positif,positif
zahra Alima,6 tahun lalu,Lebih eksotis pasca erupsi,26,lebih eksotis pasca erupsi,positif,positif
ilham hartono putro,8 tahun lalu,Like,4,like,positif,positif
Hartoni Toni,8 tahun lalu,rekreasi yang sangat indah,26,rekreasi sangat indah,positif,positif
Fabio,7 tahun lalu,"Adem, pemandangan indah",23,adem pandang indah,positif,positif
Aan Mahesa,6 tahun lalu,Sangat indah sekali..,21,sangat indah,positif,positif
Ilham Ikhtiar,7 tahun lalu,"Gunung indah,asri nyaman,berkabut",33,indahasri nyamanberkabut,positif,positif
Imron Syafii,7 tahun lalu,Awesome,7,awesome,positif,positif
Bintang Antero,7 tahun lalu,mantab jalannya,15,mantab jalan,positif,positif
DuaTuju Production,8 tahun lalu,"syahduuuuuuuuuu

kiriman foto admedia group",43,syahduuuuuuuuuu kirim foto admedia group,positif,positif
06:30 Pagipagi,3 tahun lalu,pengalaman mantap,17,alam mantap,positif,positif
Kecap Asin,9 tahun lalu,Suasananya sangat indah,23,suasana sangat indah,positif,positif
Mohammad Adam Akbar Nasrullah,Diedit 6 tahun lalu,Lokasinya masih salah min,25,lokasi salah min,positif,positif
SANDRAWANA,3 tahun lalu,Gunung kelud benar benar indah,30,benar benar indah,positif,positif
vissel pesek,9 tahun lalu,Tempatnya Bagus,15,tempat bagus,positif,positif
DIMAS FAJAR Sulaiman,7 tahun lalu,Mantap lah pokoknya,19,mantap pokok,positif,positif
Adinda Puspitasari,8 tahun lalu,Karna keindahanya dan ke eksotisanya,36,karna keindahanya eksotisanya,positif,positif
ALFIN ZAENAL KAMALA,8 tahun lalu,Tempat yang patut untuk di kunjungi...,38,patut kunjung,positif,positif
F O R T K N O X,6 tahun lalu,pemandanganya bagus,19,pemandanganya bagus,positif,positif
Riris Mouriez,8 tahun lalu,Tempat yang indah,17,indah,positif,positif
Ibnu Fajar,7 tahun lalu,Mantap jalurnya,15,mantap jalur,positif,positif
Mohammadarifaq Mohammadarifaq,9 tahun lalu,"Yo
Dikoordinir oleh koordinator kopertis",40,yo dikoordinir koordinator kopertis,positif,positif
Rudi Rulozz,7 tahun lalu,Pemandangannya amazing,22,pandang amazing,positif,positif
zihan,8 tahun lalu,wisata yg eksotis,17,eksotis,positif,positif
agustin istiyaningrum,8 tahun lalu,Suka buat camp,14,suka buat camp,positif,positif
Iswan Arrauf,5 tahun lalu,Fasilitas mendukung,19,fasilitas dukung,positif,positif
Exi Silvana,5 tahun lalu,Apakah sudah buka??,19,buka,positif,positif
bagas putra,6 tahun lalu,Bagus sekali,12,bagus,positif,positif
Taond Mubeanz,4 tahun lalu,view setelah erupsi,19,view erupsi,positif,positif
Dieng News,setahun lalu,Jooosss,7,jooosss,positif,positif
sugeng hariyadi,8 tahun lalu,Sangat bagus dan indah,22,sangat bagus indah,positif,positif
putridm,4 tahun lalu,tambah tahun tambah cakepp,26,tambah tahun tambah cakepp,positif,positif
yuda paramon,8 tahun lalu,Tempat mudah dijangkau,22,mudah jangkau,positif,positif
Gahtan Attamimi,9 tahun lalu,Terima kasih atas informasinya,30,terima kasih atas informasi,positif,positif
Sefan Putra,7 tahun lalu,Tempat nya indah bangett,24,indah bangett,positif,positif
Dhihan Zahriz,setahun lalu,Baik,4,baik,positif,positif
Nafian Alamsyah,6 tahun lalu,Tempat yang indah untuk dikunjungi,34,indah kunjung,positif,positif
Inggit MeiTriana,7 tahun lalu,agakk pans tpi enakk,20,agakk pans tpi enakk,positif,positif
Satria Bagus Pratama,7 tahun lalu,Tempat bagus dan indah,22,bagus indah,positif,positif
Wulan Sawitri,7 tahun lalu,Luar biasa indahnya😍 …,22,luar biasa indah,positif,positif
Farid Prastiyanto,3 tahun lalu,subhanallah,11,subhanallah,positif,positif
Alam Nic's,5 tahun lalu,Pemamdangan yang indah,22,pemamdangan indah,positif,positif
khorifatun mufidah,5 tahun lalu,Masih tutup kemaren,19,tutup kemaren,positif,positif
Rejo Satu Kosong,setahun lalu,Mantap,6,mantap,positif,positif
muhammad zahir,6 tahun lalu,Hawanya sejuk mantap,20,hawa sejuk mantap,positif,positif
Zio_,4 tahun lalu,Adem murah,10,adem murah,positif,positif
Jason Suwandi,3 tahun lalu,The view is incredible.,23,the view is incredible,positif,positif
Agung Cahya,7 tahun lalu,Suasana setelah meletus,23,suasana letus,positif,positif
Fulandika,5 tahun lalu,sangat indah tempat ini,23,sangat indah,positif,positif
Risky Dwi P,3 tahun lalu,Ok,2,,positif,positif
laily wardani,8 tahun lalu,Makin lama makin bagus 💞 …,26,makin lama makin bagus,positif,positif
Poncokusumo 40,7 tahun lalu,bukit telatabis indah alami,27,bukit telatabis indah alami,positif,positif
Santi Arsya,3 tahun lalu,Amazing,7,amazing,positif,positif
Dirgantara78 Zeina,4 tahun lalu,Mantap keren,12,mantap keren,positif,positif
Muhammad Rizky Agung Pratama,7 tahun lalu,tempat yang bagus di kediri,27,bagus diri,positif,positif
buknAfiif,4 tahun lalu,nice,4,nice,positif,positif
YUMPRON FIRDAUS,4 tahun lalu,Good,4,good,positif,positif
Semar kreatif Nganjuk,3 tahun lalu,Keren,5,keren,positif,positif
Yoga Firdaus,3 tahun lalu,Indah,5,indah,positif,positif
Heru Riswanto,setahun lalu,Bagus,5,bagus,positif,positif
Ah Syahlendra,6 tahun lalu,Indah pada waktunya,19,indah waktu,positif,positif
Klowor Bawono,2 tahun lalu,uadem enak,10,uadem enak,positif,positif
Fuad Imam,4 tahun lalu,Indah,5,indah,positif,positif
abdul mbolang,5 tahun lalu,tempat bagus,12,bagus,positif,positif
Rizky2006 Jionanda,4 tahun lalu,Wonder full Indonesia,21,wonder full indonesia,positif,positif
Mukti djaya,4 tahun lalu,Nice,4,nice,positif,positif
Amy Yma,9 tahun lalu,Memang cantik best,18,memang cantik best,positif,positif
sheila izzanabila,8 tahun lalu,Gunung yg indah banget,22,indah banget,positif,positif
adang septi,8 tahun lalu,rekreasi didini lho,19,rekreasi dini lho,positif,positif
Brian Sate,4 tahun lalu,Nicee,5,nicee,positif,positif
Amriza Doni,6 tahun lalu,"Es buah dan lain""",17,es buah,positif,positif
Muhammad Nashrulloh,3 tahun lalu,Siip,4,siip,positif,positif
zainul afin,setahun lalu,baik,4,baik,positif,positif
cecilia bianca,3 tahun lalu,BAGUSSS BANGETTT SUMPAHHHH 😭😭😭 …,32,bagusss bangettt sumpahhhh,positif,positif
ayrot ayrot,5 tahun lalu,Tempat belajar,14,ajar,positif,positif
Ade daru,4 tahun lalu,Sejuk,5,sejuk,positif,positif
tomas hidayat,4 tahun lalu,mantul,6,mantul,positif,positif
Super Kresno,4 tahun lalu,Goooddddd,9,goooddddd,positif,positif
Budiyono Ristianto,3 tahun lalu,Mantab bro,10,mantab bro,positif,positif
Macancul Huda,6 tahun lalu,Amazing,7,amazing,positif,positif
Iam Muhrozi,6 tahun lalu,Like,4,like,positif,positif
Agus Sholeh,4 tahun lalu,Mazing,6,mazing,positif,positif
Prabu Brawijaya XX,5 tahun lalu,Beautiful,9,beautiful,positif,positif
Tofan Mursyidto,7 tahun lalu,Akses mulai diperbaiki,22,akses mulai baik,positif,positif
star bintang,4 tahun lalu,Mantap,6,mantap,positif,positif
iwul tube,5 tahun lalu,Keren,5,keren,positif,positif
jandris mas F,8 tahun lalu,Belum pernah k sana,19,pernah k sana,positif,positif
echo tenan,5 tahun lalu,Sejuk,5,sejuk,positif,positif
faris anwar,6 tahun lalu,Wow,3,wow,positif,positif
Handy Susilo,5 tahun lalu,Ok,2,,positif,positif
Mila Wigati,5 tahun lalu,Mudah untuk ditempuh,20,mudah tempuh,positif,positif
Ms topah Small,5 tahun lalu,Jauh,4,jauh,negatif,positif
Viona Permata,6 tahun lalu,Bagus banget,12,bagus banget,positif,positif
Hilmun Zahrina,8 tahun lalu,Kelud has an amazing scenery,28,has an amazing scenery,positif,positif
Muh Zainul Amin Nur,4 tahun lalu,Seru,4,seru,positif,positif
Wandiaro Juntak,6 tahun lalu,Niceee,6,niceee,positif,positif
Slamet Wae,9 tahun lalu,Viev nya bagus,14,viev bagus,positif,positif
Eko Ponari Ponari,5 tahun lalu,Keren,5,keren,positif,positif
